timestamp,ac_kw,washing_machine_kw,refrigerator_kw,lighting_kw,ev_charger_kw,total_consumption_kw,solar_generation_kw,net_grid_kw,cost_inr,date,hour,weekday,is_weekend,alert_high_consumption,alert_solar_low,any_alert
2024-06-01 00:00:00,0.575,0.015,0.187,0.0,2.976,3.753,0.0,3.753,30.02,2024-06-01,0,Saturday,True,0,0,0
2024-06-01 01:00:00,0.479,0.0,0.199,0.005,2.988,3.672,0.0,3.672,29.37,2024-06-01,1,Saturday,True,0,0,0
2024-06-01 02:00:00,0.597,0.0,0.197,0.01,3.139,3.943,0.307,3.636,29.09,2024-06-01,2,Saturday,True,0,0,0
2024-06-01 03:00:00,0.728,0.037,0.188,0.023,3.246,4.222,0.0,4.222,33.78,2024-06-01,3,Saturday,True,0,0,0
2024-06-01 04:00:00,0.465,0.009,0.21,0.032,2.925,3.64,0.117,3.523,28.18,2024-06-01,4,Saturday,True,0,0,0
2024-06-01 05:00:00,0.465,0.0,0.202,0.0,3.15,3.817,0.0,3.817,30.54,2024-06-01,5,Saturday,True,0,0,0
2024-06-01 06:00:00,0.737,0.001,0.205,0.134,0.0,1.076,0.0,1.076,8.61,2024-06-01,6,Saturday,True,0,0,0
2024-06-01 07:00:00,0.615,0.017,0.215,0.125,0.139,1.111,0.887,0.224,1.79,2024-06-01,7,Saturday,True,0,0,0
2024-06-01 08:00:00,0.43,0.873,0.218,0.145,0.0,1.666,1.198,0.469,3.75,2024-06-01,8,Saturday,True,0,0,0
2024-06-01 09:00:00,2.381,0.861,0.201,0.009,0.038,3.492,1.918,1.574,12.59,2024-06-01,9,Saturday,True,0,0,0
2024-06-01 10:00:00,2.23,0.91,0.198,0.02,0.014,3.372,2.43,0.942,7.54,2024-06-01,10,Saturday,True,0,0,0
2024-06-01 11:00:00,2.23,0.0,0.205,0.0,0.0,2.435,2.721,-0.286,0.0,2024-06-01,11,Saturday,True,0,0,0
2024-06-01 12:00:00,2.336,0.02,0.182,0.0,0.077,2.616,2.773,-0.157,0.0,2024-06-01,12,Saturday,True,0,0,0
2024-06-01 13:00:00,2.013,0.0,0.198,0.003,0.022,2.236,2.764,-0.528,0.0,2024-06-01,13,Saturday,True,0,0,0
2024-06-01 14:00:00,2.041,0.051,0.171,0.0,0.051,2.314,2.529,-0.215,0.0,2024-06-01,14,Saturday,True,0,0,0
2024-06-01 15:00:00,2.216,0.024,0.141,0.042,0.393,2.815,2.09,0.725,5.8,2024-06-01,15,Saturday,True,0,0,0
2024-06-01 16:00:00,2.148,0.013,0.162,0.0,0.0,2.322,1.252,1.07,8.56,2024-06-01,16,Saturday,True,0,0,0
2024-06-01 17:00:00,2.347,0.949,0.155,0.004,0.172,3.627,0.682,2.945,23.56,2024-06-01,17,Saturday,True,0,0,0
2024-06-01 18:00:00,2.164,0.983,0.163,0.39,0.0,3.7,0.179,3.521,28.17,2024-06-01,18,Saturday,True,0,0,0
2024-06-01 19:00:00,2.088,0.951,0.158,0.35,0.029,3.575,0.134,3.441,27.53,2024-06-01,19,Saturday,True,0,0,0
2024-06-01 20:00:00,2.52,0.0,0.153,0.346,0.0,3.019,0.0,3.019,24.15,2024-06-01,20,Saturday,True,0,0,0
2024-06-01 21:00:00,2.266,0.0,0.147,0.343,0.0,2.756,0.053,2.703,21.62,2024-06-01,21,Saturday,True,0,0,0
2024-06-01 22:00:00,2.31,0.0,0.163,0.346,3.143,5.962,0.0,5.962,47.7,2024-06-01,22,Saturday,True,1,0,1
2024-06-01 23:00:00,2.086,0.001,0.164,0.027,3.233,5.512,0.007,5.505,44.04,2024-06-01,23,Saturday,True,1,0,1
2024-06-02 00:00:00,0.418,0.026,0.174,0.0,0.0,0.618,0.285,0.334,2.67,2024-06-02,0,Sunday,True,0,0,0
2024-06-02 01:00:00,0.517,0.0,0.194,0.031,0.075,0.816,0.0,0.816,6.53,2024-06-02,1,Sunday,True,0,0,0
2024-06-02 02:00:00,0.327,0.009,0.212,0.0,0.0,0.548,0.0,0.548,4.39,2024-06-02,2,Sunday,True,0,0,0
2024-06-02 03:00:00,0.556,0.0,0.205,0.0,0.0,0.762,0.115,0.647,5.18,2024-06-02,3,Sunday,True,0,0,0
2024-06-02 04:00:00,0.41,0.0,0.194,0.0,0.0,0.604,0.0,0.604,4.83,2024-06-02,4,Sunday,True,0,0,0
2024-06-02 05:00:00,0.456,0.0,0.213,0.012,0.126,0.807,0.0,0.807,6.46,2024-06-02,5,Sunday,True,0,0,0
2024-06-02 06:00:00,0.41,0.0,0.222,0.118,0.0,0.75,0.089,0.66,5.28,2024-06-02,6,Sunday,True,0,0,0
2024-06-02 07:00:00,0.778,0.0,0.203,0.159,0.036,1.176,0.63,0.546,4.37,2024-06-02,7,Sunday,True,0,0,0
2024-06-02 08:00:00,0.498,0.221,0.205,0.19,0.0,1.114,1.365,-0.25,0.0,2024-06-02,8,Sunday,True,0,0,0
2024-06-02 09:00:00,2.141,0.323,0.201,0.0,0.076,2.741,2.092,0.65,5.2,2024-06-02,9,Sunday,True,0,0,0
2024-06-02 10:00:00,2.423,0.223,0.187,0.004,0.069,2.905,2.488,0.417,3.34,2024-06-02,10,Sunday,True,0,0,0
2024-06-02 11:00:00,2.117,0.132,0.194,0.0,0.185,2.628,2.745,-0.117,0.0,2024-06-02,11,Sunday,True,0,0,0
2024-06-02 12:00:00,2.331,0.025,0.179,0.009,0.0,2.543,2.749,-0.206,0.0,2024-06-02,12,Sunday,True,0,0,0
2024-06-02 13:00:00,2.006,0.009,0.176,0.0,0.067,2.259,2.76,-0.501,0.0,2024-06-02,13,Sunday,True,0,0,0
2024-06-02 14:00:00,2.101,0.0,0.156,0.0,0.01,2.267,2.406,-0.14,0.0,2024-06-02,14,Sunday,True,0,0,0
2024-06-02 15:00:00,2.33,0.035,0.154,0.01,0.13,2.658,2.049,0.61,4.88,2024-06-02,15,Sunday,True,0,0,0
2024-06-02 16:00:00,2.411,0.0,0.161,0.036,0.0,2.608,1.325,1.283,10.26,2024-06-02,16,Sunday,True,0,0,0
2024-06-02 17:00:00,2.326,0.276,0.147,0.0,0.075,2.824,0.697,2.126,17.01,2024-06-02,17,Sunday,True,0,0,0
2024-06-02 18:00:00,2.283,0.398,0.167,0.364,0.0,3.212,0.0,3.212,25.7,2024-06-02,18,Sunday,True,0,0,0
2024-06-02 19:00:00,2.255,0.265,0.147,0.324,0.0,2.991,0.0,2.991,23.93,2024-06-02,19,Sunday,True,0,0,0
2024-06-02 20:00:00,2.078,0.057,0.156,0.331,0.009,2.632,0.0,2.632,21.06,2024-06-02,20,Sunday,True,0,0,0
2024-06-02 21:00:00,2.192,0.0,0.168,0.359,0.025,2.745,0.0,2.745,21.96,2024-06-02,21,Sunday,True,0,0,0
2024-06-02 22:00:00,2.231,0.0,0.151,0.38,0.0,2.761,0.039,2.723,21.78,2024-06-02,22,Sunday,True,0,0,0
2024-06-02 23:00:00,2.459,0.089,0.155,0.007,0.021,2.73,0.032,2.698,21.59,2024-06-02,23,Sunday,True,0,0,0
2024-06-03 00:00:00,0.052,0.0,0.165,0.0,0.158,0.374,0.117,0.257,2.05,2024-06-03,0,Monday,False,0,0,0
2024-06-03 01:00:00,0.0,0.091,0.2,0.0,0.099,0.39,0.0,0.39,3.12,2024-06-03,1,Monday,False,0,0,0
2024-06-03 02:00:00,0.049,0.035,0.189,0.0,0.087,0.36,0.061,0.299,2.39,2024-06-03,2,Monday,False,0,0,0
2024-06-03 03:00:00,0.0,0.0,0.227,0.012,0.0,0.239,0.083,0.156,1.25,2024-06-03,3,Monday,False,0,0,0
2024-06-03 04:00:00,0.0,0.032,0.2,0.018,0.0,0.25,0.067,0.183,1.46,2024-06-03,4,Monday,False,0,0,0
2024-06-03 05:00:00,0.092,0.049,0.211,0.0,0.096,0.447,0.0,0.447,3.57,2024-06-03,5,Monday,False,0,0,0
2024-06-03 06:00:00,0.155,0.031,0.225,0.141,0.088,0.639,0.022,0.617,4.94,2024-06-03,6,Monday,False,0,0,0
2024-06-03 07:00:00,0.14,0.0,0.229,0.155,0.147,0.671,0.779,-0.108,0.0,2024-06-03,7,Monday,False,0,0,0
2024-06-03 08:00:00,0.0,0.864,0.227,0.141,0.0,1.232,1.401,-0.17,0.0,2024-06-03,8,Monday,False,0,0,0
2024-06-03 09:00:00,1.754,0.888,0.213,0.0,0.0,2.855,1.667,1.188,9.5,2024-06-03,9,Monday,False,0,0,0
2024-06-03 10:00:00,1.85,0.896,0.205,0.042,0.0,2.993,2.449,0.544,4.35,2024-06-03,10,Monday,False,0,0,0
2024-06-03 11:00:00,1.946,0.031,0.194,0.0,0.0,2.171,3.036,-0.865,0.0,2024-06-03,11,Monday,False,0,0,0
2024-06-03 12:00:00,1.728,0.009,0.188,0.0,0.1,2.024,2.746,-0.722,0.0,2024-06-03,12,Monday,False,0,0,0
2024-06-03 13:00:00,1.772,0.0,0.167,0.0,0.0,1.939,2.595,-0.657,0.0,2024-06-03,13,Monday,False,0,0,0
2024-06-03 14:00:00,1.634,0.019,0.157,0.015,0.064,1.889,2.481,-0.592,0.0,2024-06-03,14,Monday,False,0,0,0
2024-06-03 15:00:00,1.621,0.031,0.159,0.0,0.0,1.81,2.027,-0.217,0.0,2024-06-03,15,Monday,False,0,0,0
2024-06-03 16:00:00,1.922,0.028,0.152,0.0,0.032,2.135,1.579,0.556,4.45,2024-06-03,16,Monday,False,0,0,0
2024-06-03 17:00:00,2.003,0.954,0.146,0.026,0.0,3.13,0.536,2.594,20.76,2024-06-03,17,Monday,False,0,0,0
2024-06-03 18:00:00,1.789,0.942,0.157,0.378,0.009,3.275,0.11,3.165,25.32,2024-06-03,18,Monday,False,0,0,0
2024-06-03 19:00:00,1.951,0.923,0.161,0.338,0.0,3.372,0.089,3.283,26.27,2024-06-03,19,Monday,False,0,0,0
2024-06-03 20:00:00,1.854,0.0,0.155,0.313,0.0,2.322,0.0,2.322,18.57,2024-06-03,20,Monday,False,0,0,0
2024-06-03 21:00:00,1.703,0.0,0.174,0.37,0.0,2.247,0.051,2.196,17.57,2024-06-03,21,Monday,False,0,0,0
2024-06-03 22:00:00,1.854,0.021,0.154,0.336,0.121,2.486,0.154,2.332,18.65,2024-06-03,22,Monday,False,0,0,0
2024-06-03 23:00:00,2.031,0.01,0.17,0.016,0.078,2.305,0.131,2.174,17.39,2024-06-03,23,Monday,False,0,0,0
2024-06-04 00:00:00,0.0,0.014,0.173,0.0,3.247,3.433,0.0,3.433,27.46,2024-06-04,0,Tuesday,False,0,0,0
2024-06-04 01:00:00,0.235,0.0,0.169,0.018,3.352,3.774,0.049,3.725,29.8,2024-06-04,1,Tuesday,False,0,0,0
2024-06-04 02:00:00,0.0,0.0,0.194,0.0,3.105,3.299,0.0,3.299,26.39,2024-06-04,2,Tuesday,False,0,0,0
2024-06-04 03:00:00,0.123,0.053,0.2,0.015,3.375,3.765,0.004,3.761,30.09,2024-06-04,3,Tuesday,False,0,0,0
2024-06-04 04:00:00,0.013,0.0,0.221,0.0,3.293,3.528,0.004,3.523,28.19,2024-06-04,4,Tuesday,False,0,0,0
2024-06-04 05:00:00,0.0,0.034,0.215,0.0,3.176,3.426,0.0,3.426,27.41,2024-06-04,5,Tuesday,False,0,0,0
2024-06-04 06:00:00,0.014,0.001,0.2,0.142,0.114,0.47,0.072,0.399,3.19,2024-06-04,6,Tuesday,False,0,0,0
2024-06-04 07:00:00,0.0,0.001,0.228,0.164,0.0,0.393,0.285,0.108,0.86,2024-06-04,7,Tuesday,False,0,0,0
2024-06-04 08:00:00,0.0,0.947,0.218,0.152,0.0,1.317,0.493,0.824,6.6,2024-06-04,8,Tuesday,False,0,0,0
2024-06-04 09:00:00,1.854,0.874,0.207,0.012,0.0,2.946,0.768,2.178,17.43,2024-06-04,9,Tuesday,False,0,0,0
2024-06-04 10:00:00,2.022,0.905,0.193,0.04,0.0,3.159,0.981,2.178,17.42,2024-06-04,10,Tuesday,False,0,0,0
2024-06-04 11:00:00,1.722,0.0,0.178,0.0,0.0,1.9,1.156,0.745,5.96,2024-06-04,11,Tuesday,False,0,0,0
2024-06-04 12:00:00,1.679,0.0,0.176,0.032,0.122,2.01,1.156,0.853,6.83,2024-06-04,12,Tuesday,False,0,0,0
2024-06-04 13:00:00,1.725,0.0,0.183,0.002,0.0,1.91,1.031,0.879,7.03,2024-06-04,13,Tuesday,False,0,0,0
2024-06-04 14:00:00,1.937,0.011,0.184,0.0,0.035,2.168,1.119,1.048,8.39,2024-06-04,14,Tuesday,False,0,0,0
2024-06-04 15:00:00,1.849,0.0,0.174,0.0,0.0,2.024,0.808,1.216,9.73,2024-06-04,15,Tuesday,False,0,0,0
2024-06-04 16:00:00,1.721,0.063,0.149,0.0,0.0,1.932,0.637,1.296,10.37,2024-06-04,16,Tuesday,False,0,0,0
2024-06-04 17:00:00,1.877,0.855,0.14,0.018,0.027,2.918,0.281,2.637,21.09,2024-06-04,17,Tuesday,False,0,0,0
2024-06-04 18:00:00,1.815,0.891,0.151,0.347,0.0,3.204,0.032,3.172,25.38,2024-06-04,18,Tuesday,False,0,0,0
2024-06-04 19:00:00,1.945,0.878,0.133,0.38,0.0,3.337,0.05,3.287,26.29,2024-06-04,19,Tuesday,False,0,0,0
2024-06-04 20:00:00,1.695,0.072,0.157,0.321,0.0,2.245,0.073,2.172,17.38,2024-06-04,20,Tuesday,False,0,0,0
2024-06-04 21:00:00,1.751,0.01,0.157,0.35,0.199,2.466,0.063,2.403,19.22,2024-06-04,21,Tuesday,False,0,0,0
2024-06-04 22:00:00,1.741,0.052,0.16,0.325,3.291,5.569,0.052,5.517,44.13,2024-06-04,22,Tuesday,False,1,0,1
2024-06-04 23:00:00,1.58,0.0,0.156,0.007,3.211,4.955,0.0,4.955,39.64,2024-06-04,23,Tuesday,False,1,0,1
2024-06-05 00:00:00,0.044,0.013,0.185,0.018,0.126,0.387,0.0,0.387,3.1,2024-06-05,0,Wednesday,False,0,0,0
2024-06-05 01:00:00,0.039,0.044,0.182,0.0,0.0,0.266,0.05,0.216,1.73,2024-06-05,1,Wednesday,False,0,0,0
2024-06-05 02:00:00,0.001,0.004,0.183,0.0,0.054,0.243,0.14,0.103,0.82,2024-06-05,2,Wednesday,False,0,0,0
2024-06-05 03:00:00,0.0,0.053,0.172,0.004,0.02,0.25,0.0,0.25,2.0,2024-06-05,3,Wednesday,False,0,0,0
2024-06-05 04:00:00,0.0,0.0,0.206,0.009,0.026,0.241,0.16,0.081,0.65,2024-06-05,4,Wednesday,False,0,0,0
2024-06-05 05:00:00,0.0,0.07,0.227,0.008,0.127,0.432,0.218,0.215,1.72,2024-06-05,5,Wednesday,False,0,0,0
2024-06-05 06:00:00,0.0,0.115,0.227,0.175,0.073,0.59,0.0,0.59,4.72,2024-06-05,6,Wednesday,False,0,0,0
2024-06-05 07:00:00,0.0,0.0,0.204,0.129,0.029,0.362,0.599,-0.237,0.0,2024-06-05,7,Wednesday,False,0,0,0
2024-06-05 08:00:00,0.0,0.878,0.2,0.164,0.0,1.241,1.379,-0.138,0.0,2024-06-05,8,Wednesday,False,0,0,0
2024-06-05 09:00:00,1.861,0.973,0.206,0.024,0.0,3.063,2.026,1.037,8.3,2024-06-05,9,Wednesday,False,0,0,0
2024-06-05 10:00:00,2.083,0.979,0.185,0.0,0.0,3.247,2.346,0.901,7.21,2024-06-05,10,Wednesday,False,0,0,0
2024-06-05 11:00:00,1.826,0.0,0.191,0.006,0.009,2.033,2.907,-0.875,0.0,2024-06-05,11,Wednesday,False,0,0,0
2024-06-05 12:00:00,1.839,0.0,0.188,0.0,0.0,2.026,2.864,-0.837,0.0,2024-06-05,12,Wednesday,False,0,0,0
2024-06-05 13:00:00,1.789,0.0,0.185,0.0,0.241,2.215,2.711,-0.496,0.0,2024-06-05,13,Wednesday,False,0,0,0
2024-06-05 14:00:00,1.512,0.0,0.164,0.007,0.152,1.835,2.209,-0.375,0.0,2024-06-05,14,Wednesday,False,0,0,0
2024-06-05 15:00:00,1.796,0.0,0.157,0.0,0.06,2.013,1.783,0.23,1.84,2024-06-05,15,Wednesday,False,0,0,0
2024-06-05 16:00:00,1.809,0.0,0.145,0.0,0.007,1.961,1.442,0.519,4.15,2024-06-05,16,Wednesday,False,0,0,0
2024-06-05 17:00:00,2.169,0.862,0.143,0.001,0.0,3.175,0.405,2.77,22.16,2024-06-05,17,Wednesday,False,0,0,0
2024-06-05 18:00:00,1.771,0.898,0.148,0.328,0.0,3.145,0.152,2.994,23.95,2024-06-05,18,Wednesday,False,0,0,0
2024-06-05 19:00:00,1.845,0.912,0.155,0.328,0.008,3.248,0.0,3.248,25.98,2024-06-05,19,Wednesday,False,0,0,0
2024-06-05 20:00:00,1.795,0.078,0.163,0.364,0.026,2.425,0.486,1.938,15.51,2024-06-05,20,Wednesday,False,0,0,0
2024-06-05 21:00:00,1.625,0.0,0.151,0.327,0.0,2.102,0.346,1.756,14.05,2024-06-05,21,Wednesday,False,0,0,0
2024-06-05 22:00:00,1.971,0.049,0.18,0.363,0.033,2.597,0.0,2.597,20.78,2024-06-05,22,Wednesday,False,0,0,0
2024-06-05 23:00:00,1.913,0.0,0.17,0.009,0.0,2.092,0.0,2.092,16.73,2024-06-05,23,Wednesday,False,0,0,0
2024-06-06 00:00:00,0.119,0.0,0.18,0.0,0.0,0.298,0.149,0.149,1.19,2024-06-06,0,Thursday,False,0,0,0
2024-06-06 01:00:00,0.0,0.034,0.18,0.0,0.0,0.214,0.255,-0.041,0.0,2024-06-06,1,Thursday,False,0,0,0
2024-06-06 02:00:00,0.21,0.0,0.171,0.024,0.0,0.405,0.0,0.405,3.24,2024-06-06,2,Thursday,False,0,0,0
2024-06-06 03:00:00,0.0,0.019,0.21,0.0,0.189,0.418,0.0,0.418,3.34,2024-06-06,3,Thursday,False,0,0,0
2024-06-06 04:00:00,0.088,0.008,0.213,0.0,0.056,0.365,0.0,0.365,2.92,2024-06-06,4,Thursday,False,0,0,0
2024-06-06 05:00:00,0.329,0.025,0.206,0.009,0.0,0.569,0.087,0.481,3.85,2024-06-06,5,Thursday,False,0,0,0
2024-06-06 06:00:00,0.0,0.014,0.211,0.166,0.049,0.439,0.075,0.365,2.92,2024-06-06,6,Thursday,False,0,0,0
2024-06-06 07:00:00,0.0,0.123,0.214,0.145,0.0,0.482,0.885,-0.403,0.0,2024-06-06,7,Thursday,False,0,0,0
2024-06-06 08:00:00,0.015,0.868,0.19,0.138,0.108,1.32,1.22,0.1,0.8,2024-06-06,8,Thursday,False,0,0,0
2024-06-06 09:00:00,1.724,0.873,0.196,0.028,0.0,2.822,1.632,1.19,9.52,2024-06-06,9,Thursday,False,0,0,0
2024-06-06 10:00:00,1.567,0.869,0.203,0.035,0.0,2.674,2.554,0.12,0.96,2024-06-06,10,Thursday,False,0,0,0
2024-06-06 11:00:00,1.81,0.0,0.175,0.02,0.133,2.138,2.58,-0.443,0.0,2024-06-06,11,Thursday,False,0,0,0
2024-06-06 12:00:00,1.641,0.0,0.183,0.002,0.0,1.825,2.497,-0.672,0.0,2024-06-06,12,Thursday,False,0,0,0
2024-06-06 13:00:00,1.871,0.059,0.159,0.0,0.0,2.089,2.726,-0.637,0.0,2024-06-06,13,Thursday,False,0,0,0
2024-06-06 14:00:00,1.662,0.071,0.17,0.0,0.0,1.903,2.544,-0.641,0.0,2024-06-06,14,Thursday,False,0,0,0
2024-06-06 15:00:00,2.032,0.0,0.158,0.01,0.104,2.305,1.962,0.344,2.75,2024-06-06,15,Thursday,False,0,0,0
2024-06-06 16:00:00,1.683,0.0,0.138,0.008,0.0,1.829,1.331,0.497,3.98,2024-06-06,16,Thursday,False,0,0,0
2024-06-06 17:00:00,1.752,0.924,0.163,0.028,0.0,2.866,0.701,2.165,17.32,2024-06-06,17,Thursday,False,0,0,0
2024-06-06 18:00:00,1.922,0.872,0.143,0.363,0.0,3.3,0.0,3.3,26.4,2024-06-06,18,Thursday,False,0,0,0
2024-06-06 19:00:00,1.615,0.932,0.143,0.32,0.055,3.065,0.0,3.065,24.52,2024-06-06,19,Thursday,False,0,0,0
2024-06-06 20:00:00,1.834,0.01,0.156,0.371,0.12,2.491,0.0,2.491,19.93,2024-06-06,20,Thursday,False,0,0,0
2024-06-06 21:00:00,1.996,0.0,0.17,0.33,0.0,2.496,0.078,2.418,19.35,2024-06-06,21,Thursday,False,0,0,0
2024-06-06 22:00:00,1.559,0.077,0.155,0.342,0.0,2.133,0.048,2.085,16.68,2024-06-06,22,Thursday,False,0,0,0
2024-06-06 23:00:00,1.828,0.09,0.173,0.005,0.115,2.211,0.025,2.186,17.48,2024-06-06,23,Thursday,False,0,0,0
2024-06-07 00:00:00,0.039,0.0,0.184,0.04,3.013,3.276,0.0,3.276,26.21,2024-06-07,0,Friday,False,0,0,0
2024-06-07 01:00:00,0.117,0.0,0.195,0.062,3.161,3.535,0.0,3.535,28.28,2024-06-07,1,Friday,False,0,0,0
2024-06-07 02:00:00,0.0,0.014,0.197,0.012,3.219,3.442,0.0,3.442,27.54,2024-06-07,2,Friday,False,0,0,0
2024-06-07 03:00:00,0.0,0.017,0.198,0.0,3.245,3.459,0.027,3.432,27.46,2024-06-07,3,Friday,False,0,0,0
2024-06-07 04:00:00,0.078,0.033,0.198,0.011,3.149,3.469,0.214,3.254,26.03,2024-06-07,4,Friday,False,0,0,0
2024-06-07 05:00:00,0.045,0.101,0.21,0.018,3.203,3.576,0.0,3.576,28.61,2024-06-07,5,Friday,False,0,0,0
2024-06-07 06:00:00,0.038,0.0,0.199,0.144,0.0,0.38,0.0,0.38,3.04,2024-06-07,6,Friday,False,0,0,0
2024-06-07 07:00:00,0.052,0.0,0.18,0.186,0.0,0.418,0.774,-0.356,0.0,2024-06-07,7,Friday,False,0,0,0
2024-06-07 08:00:00,0.0,0.831,0.21,0.155,0.045,1.241,1.588,-0.347,0.0,2024-06-07,8,Friday,False,0,0,0
2024-06-07 09:00:00,1.835,0.863,0.21,0.01,0.0,2.918,1.913,1.006,8.05,2024-06-07,9,Friday,False,0,0,0
2024-06-07 10:00:00,1.844,0.898,0.171,0.013,0.006,2.933,2.321,0.612,4.89,2024-06-07,10,Friday,False,0,0,0
2024-06-07 11:00:00,1.693,0.09,0.178,0.008,0.045,2.013,2.409,-0.396,0.0,2024-06-07,11,Friday,False,0,0,0
2024-06-07 12:00:00,2.08,0.0,0.186,0.017,0.0,2.283,2.816,-0.533,0.0,2024-06-07,12,Friday,False,0,0,0
2024-06-07 13:00:00,1.871,0.011,0.193,0.0,0.017,2.092,3.011,-0.919,0.0,2024-06-07,13,Friday,False,0,0,0
2024-06-07 14:00:00,1.621,0.0,0.165,0.0,0.0,1.787,2.466,-0.68,0.0,2024-06-07,14,Friday,False,0,0,0
2024-06-07 15:00:00,1.898,0.059,0.152,0.0,0.0,2.109,1.977,0.133,1.06,2024-06-07,15,Friday,False,0,0,0
2024-06-07 16:00:00,1.654,0.126,0.152,0.009,0.061,2.002,1.448,0.554,4.43,2024-06-07,16,Friday,False,0,0,0
2024-06-07 17:00:00,1.918,0.873,0.165,0.016,0.016,2.988,0.723,2.265,18.12,2024-06-07,17,Friday,False,0,0,0
2024-06-07 18:00:00,1.974,0.876,0.144,0.359,0.0,3.352,0.0,3.352,26.82,2024-06-07,18,Friday,False,0,0,0
2024-06-07 19:00:00,1.677,0.952,0.143,0.383,0.022,3.178,0.123,3.055,24.44,2024-06-07,19,Friday,False,0,0,0
2024-06-07 20:00:00,1.945,0.034,0.149,0.35,0.071,2.549,0.034,2.515,20.12,2024-06-07,20,Friday,False,0,0,0
2024-06-07 21:00:00,1.862,0.092,0.149,0.363,0.0,2.467,0.003,2.464,19.71,2024-06-07,21,Friday,False,0,0,0
2024-06-07 22:00:00,1.923,0.029,0.166,0.328,3.316,5.763,0.0,5.763,46.1,2024-06-07,22,Friday,False,1,0,1
2024-06-07 23:00:00,2.085,0.0,0.188,0.0,3.166,5.439,0.196,5.244,41.95,2024-06-07,23,Friday,False,1,0,1
2024-06-08 00:00:00,0.463,0.03,0.183,0.014,0.043,0.732,0.1,0.633,5.06,2024-06-08,0,Saturday,True,0,0,0
2024-06-08 01:00:00,0.387,0.055,0.185,0.017,0.12,0.764,0.0,0.764,6.11,2024-06-08,1,Saturday,True,0,0,0
2024-06-08 02:00:00,0.367,0.041,0.192,0.0,0.0,0.6,0.15,0.449,3.6,2024-06-08,2,Saturday,True,0,0,0
2024-06-08 03:00:00,0.378,0.025,0.186,0.0,0.0,0.589,0.0,0.589,4.71,2024-06-08,3,Saturday,True,0,0,0
2024-06-08 04:00:00,0.488,0.053,0.215,0.0,0.0,0.757,0.0,0.757,6.05,2024-06-08,4,Saturday,True,0,0,0
2024-06-08 05:00:00,0.551,0.058,0.208,0.0,0.0,0.818,0.0,0.818,6.54,2024-06-08,5,Saturday,True,0,0,0
2024-06-08 06:00:00,0.542,0.069,0.208,0.168,0.173,1.16,0.0,1.16,9.28,2024-06-08,6,Saturday,True,0,0,0
2024-06-08 07:00:00,0.624,0.032,0.241,0.162,0.0,1.059,0.795,0.264,2.11,2024-06-08,7,Saturday,True,0,0,0
2024-06-08 08:00:00,0.502,0.892,0.209,0.16,0.0,1.763,1.125,0.637,5.1,2024-06-08,8,Saturday,True,0,0,0
2024-06-08 09:00:00,2.518,0.907,0.194,0.001,0.02,3.64,1.796,1.845,14.76,2024-06-08,9,Saturday,True,0,0,0
2024-06-08 10:00:00,2.26,0.96,0.191,0.0,0.0,3.412,2.114,1.298,10.38,2024-06-08,10,Saturday,True,0,0,0
2024-06-08 11:00:00,2.708,0.0,0.199,0.0,0.0,2.907,2.692,0.216,1.72,2024-06-08,11,Saturday,True,0,0,0
2024-06-08 12:00:00,2.394,0.018,0.181,0.014,0.032,2.639,2.777,-0.138,0.0,2024-06-08,12,Saturday,True,0,0,0
2024-06-08 13:00:00,2.171,0.0,0.158,0.008,0.0,2.338,2.656,-0.318,0.0,2024-06-08,13,Saturday,True,0,0,0
2024-06-08 14:00:00,2.139,0.001,0.174,0.01,0.0,2.325,2.268,0.056,0.45,2024-06-08,14,Saturday,True,0,0,0
2024-06-08 15:00:00,2.372,0.064,0.152,0.0,0.0,2.588,1.804,0.784,6.27,2024-06-08,15,Saturday,True,0,0,0
2024-06-08 16:00:00,2.266,0.01,0.173,0.0,0.0,2.449,1.47,0.979,7.83,2024-06-08,16,Saturday,True,0,0,0
2024-06-08 17:00:00,2.407,0.902,0.162,0.022,0.032,3.525,0.642,2.883,23.07,2024-06-08,17,Saturday,True,0,0,0
2024-06-08 18:00:00,2.371,0.832,0.146,0.34,0.175,3.864,0.047,3.817,30.54,2024-06-08,18,Saturday,True,0,0,0
2024-06-08 19:00:00,2.289,0.937,0.164,0.333,0.002,3.725,0.0,3.725,29.8,2024-06-08,19,Saturday,True,0,0,0
2024-06-08 20:00:00,2.173,0.032,0.155,0.364,0.023,2.746,0.027,2.719,21.75,2024-06-08,20,Saturday,True,0,0,0
2024-06-08 21:00:00,2.073,0.108,0.167,0.342,0.069,2.76,0.195,2.564,20.51,2024-06-08,21,Saturday,True,0,0,0
2024-06-08 22:00:00,2.233,0.0,0.17,0.371,0.0,2.774,0.088,2.686,21.49,2024-06-08,22,Saturday,True,0,0,0
2024-06-08 23:00:00,2.428,0.011,0.164,0.012,0.17,2.786,0.0,2.786,22.29,2024-06-08,23,Saturday,True,0,0,0
2024-06-09 00:00:00,0.532,0.012,0.174,0.014,0.02,0.752,0.039,0.713,5.71,2024-06-09,0,Sunday,True,0,0,0
2024-06-09 01:00:00,0.313,0.079,0.198,0.0,0.163,0.753,0.0,0.753,6.03,2024-06-09,1,Sunday,True,0,0,0
2024-06-09 02:00:00,0.526,0.0,0.192,0.024,0.0,0.742,0.001,0.741,5.93,2024-06-09,2,Sunday,True,0,0,0
2024-06-09 03:00:00,0.558,0.014,0.197,0.005,0.182,0.956,0.0,0.956,7.65,2024-06-09,3,Sunday,True,0,0,0
2024-06-09 04:00:00,0.367,0.03,0.196,0.0,0.078,0.672,0.0,0.672,5.37,2024-06-09,4,Sunday,True,0,0,0
2024-06-09 05:00:00,0.523,0.009,0.213,0.003,0.055,0.804,0.032,0.772,6.18,2024-06-09,5,Sunday,True,0,0,0
2024-06-09 06:00:00,0.509,0.0,0.231,0.114,0.023,0.877,0.0,0.877,7.02,2024-06-09,6,Sunday,True,0,0,0
2024-06-09 07:00:00,0.329,0.01,0.198,0.158,0.0,0.695,0.572,0.122,0.98,2024-06-09,7,Sunday,True,0,0,0
2024-06-09 08:00:00,0.554,0.324,0.206,0.129,0.12,1.333,1.192,0.141,1.13,2024-06-09,8,Sunday,True,0,0,0
2024-06-09 09:00:00,2.384,0.219,0.215,0.0,0.014,2.832,1.74,1.092,8.74,2024-06-09,9,Sunday,True,0,0,0
2024-06-09 10:00:00,2.462,0.277,0.194,0.0,0.0,2.933,2.242,0.691,5.53,2024-06-09,10,Sunday,True,0,0,0
2024-06-09 11:00:00,2.458,0.0,0.192,0.022,0.0,2.673,2.729,-0.056,0.0,2024-06-09,11,Sunday,True,0,0,0
2024-06-09 12:00:00,2.093,0.06,0.169,0.0,0.0,2.322,2.666,-0.344,0.0,2024-06-09,12,Sunday,True,0,0,0
2024-06-09 13:00:00,2.159,0.0,0.177,0.031,0.031,2.398,2.782,-0.384,0.0,2024-06-09,13,Sunday,True,0,0,0
2024-06-09 14:00:00,2.377,0.0,0.163,0.0,0.0,2.54,2.43,0.11,0.88,2024-06-09,14,Sunday,True,0,0,0
2024-06-09 15:00:00,2.377,0.019,0.169,0.0,0.122,2.686,1.685,1.002,8.01,2024-06-09,15,Sunday,True,0,0,0
2024-06-09 16:00:00,2.377,0.078,0.166,0.0,0.0,2.621,1.498,1.123,8.99,2024-06-09,16,Sunday,True,0,0,0
2024-06-09 17:00:00,2.878,0.267,0.177,0.025,0.014,3.361,0.846,2.514,20.11,2024-06-09,17,Sunday,True,0,0,0
2024-06-09 18:00:00,2.386,0.242,0.156,0.347,0.0,3.131,0.0,3.131,25.04,2024-06-09,18,Sunday,True,0,0,0
2024-06-09 19:00:00,2.47,0.364,0.154,0.339,0.076,3.404,0.063,3.341,26.73,2024-06-09,19,Sunday,True,0,0,0
2024-06-09 20:00:00,2.443,0.0,0.156,0.353,0.0,2.952,0.0,2.952,23.62,2024-06-09,20,Sunday,True,0,0,0
2024-06-09 21:00:00,2.398,0.0,0.155,0.36,0.042,2.955,0.015,2.94,23.52,2024-06-09,21,Sunday,True,0,0,0
2024-06-09 22:00:00,2.253,0.022,0.168,0.372,0.0,2.815,0.0,2.815,22.52,2024-06-09,22,Sunday,True,0,0,0
2024-06-09 23:00:00,2.414,0.0,0.169,0.029,0.128,2.74,0.0,2.74,21.92,2024-06-09,23,Sunday,True,0,0,0
2024-06-10 00:00:00,0.0,0.0,0.182,0.0,3.304,3.486,0.0,3.486,27.89,2024-06-10,0,Monday,False,0,0,0
2024-06-10 01:00:00,0.0,0.035,0.201,0.0,3.258,3.495,0.0,3.495,27.96,2024-06-10,1,Monday,False,0,0,0
2024-06-10 02:00:00,0.0,0.012,0.185,0.0,3.187,3.384,0.0,3.384,27.07,2024-06-10,2,Monday,False,0,0,0
2024-06-10 03:00:00,0.012,0.0,0.213,0.005,3.258,3.488,0.0,3.488,27.9,2024-06-10,3,Monday,False,0,0,0
2024-06-10 04:00:00,0.347,0.0,0.219,0.0,3.129,3.696,0.0,3.696,29.57,2024-06-10,4,Monday,False,0,0,0
2024-06-10 05:00:00,0.0,0.044,0.208,0.0,3.286,3.537,0.04,3.497,27.97,2024-06-10,5,Monday,False,0,0,0
2024-06-10 06:00:00,0.103,0.033,0.189,0.157,0.165,0.646,0.0,0.646,5.17,2024-06-10,6,Monday,False,0,0,0
2024-06-10 07:00:00,0.0,0.0,0.203,0.149,0.107,0.459,0.752,-0.293,0.0,2024-06-10,7,Monday,False,0,0,0
2024-06-10 08:00:00,0.0,0.992,0.219,0.151,0.0,1.362,1.299,0.062,0.5,2024-06-10,8,Monday,False,0,0,0
2024-06-10 09:00:00,1.963,0.846,0.201,0.0,0.036,3.047,2.156,0.891,7.13,2024-06-10,9,Monday,False,0,0,0
2024-06-10 10:00:00,1.81,0.824,0.185,0.0,0.0,2.818,2.248,0.57,4.56,2024-06-10,10,Monday,False,0,0,0
2024-06-10 11:00:00,1.638,0.0,0.183,0.0,0.057,1.878,2.778,-0.899,0.0,2024-06-10,11,Monday,False,0,0,0
2024-06-10 12:00:00,1.693,0.0,0.188,0.018,0.045,1.944,2.977,-1.033,0.0,2024-06-10,12,Monday,False,0,0,0
2024-06-10 13:00:00,1.902,0.012,0.178,0.021,0.0,2.113,2.777,-0.664,0.0,2024-06-10,13,Monday,False,0,0,0
2024-06-10 14:00:00,1.69,0.0,0.163,0.0,0.0,1.853,2.394,-0.541,0.0,2024-06-10,14,Monday,False,0,0,0
2024-06-10 15:00:00,1.832,0.018,0.155,0.0,0.0,2.005,1.901,0.105,0.84,2024-06-10,15,Monday,False,0,0,0
2024-06-10 16:00:00,1.807,0.0,0.15,0.0,0.0,1.957,1.555,0.402,3.21,2024-06-10,16,Monday,False,0,0,0
2024-06-10 17:00:00,1.702,0.972,0.142,0.0,0.0,2.816,0.511,2.305,18.44,2024-06-10,17,Monday,False,0,0,0
2024-06-10 18:00:00,2.122,0.896,0.166,0.348,0.039,3.571,0.0,3.571,28.57,2024-06-10,18,Monday,False,0,0,0
2024-06-10 19:00:00,1.895,0.956,0.148,0.321,0.025,3.345,0.0,3.345,26.76,2024-06-10,19,Monday,False,0,0,0
2024-06-10 20:00:00,1.496,0.017,0.166,0.332,0.0,2.011,0.186,1.825,14.6,2024-06-10,20,Monday,False,0,0,0
2024-06-10 21:00:00,1.828,0.023,0.174,0.33,0.0,2.355,0.057,2.298,18.38,2024-06-10,21,Monday,False,0,0,0
2024-06-10 22:00:00,1.701,0.028,0.175,0.354,3.305,5.563,0.0,5.563,44.51,2024-06-10,22,Monday,False,1,0,1
2024-06-10 23:00:00,1.928,0.022,0.168,0.001,3.366,5.485,0.0,5.485,43.88,2024-06-10,23,Monday,False,1,0,1
2024-06-11 00:00:00,0.0,0.032,0.184,0.0,0.0,0.216,0.0,0.216,1.73,2024-06-11,0,Tuesday,False,0,0,0
2024-06-11 01:00:00,0.0,0.066,0.188,0.004,0.0,0.258,0.0,0.258,2.06,2024-06-11,1,Tuesday,False,0,0,0
2024-06-11 02:00:00,0.076,0.01,0.186,0.0,0.049,0.321,0.059,0.262,2.1,2024-06-11,2,Tuesday,False,0,0,0
2024-06-11 03:00:00,0.13,0.035,0.204,0.0,0.0,0.37,0.0,0.37,2.96,2024-06-11,3,Tuesday,False,0,0,0
2024-06-11 04:00:00,0.0,0.0,0.194,0.033,0.0,0.228,0.097,0.131,1.05,2024-06-11,4,Tuesday,False,0,0,0
2024-06-11 05:00:00,0.0,0.072,0.221,0.027,0.074,0.394,0.05,0.344,2.75,2024-06-11,5,Tuesday,False,0,0,0
2024-06-11 06:00:00,0.0,0.0,0.205,0.124,0.0,0.329,0.065,0.264,2.11,2024-06-11,6,Tuesday,False,0,0,0
2024-06-11 07:00:00,0.0,0.09,0.211,0.167,0.132,0.599,0.262,0.337,2.7,2024-06-11,7,Tuesday,False,0,0,0
2024-06-11 08:00:00,0.265,0.898,0.209,0.166,0.007,1.545,0.551,0.994,7.95,2024-06-11,8,Tuesday,False,0,0,0
2024-06-11 09:00:00,1.861,0.828,0.199,0.0,0.0,2.888,0.706,2.182,17.45,2024-06-11,9,Tuesday,False,0,0,0
2024-06-11 10:00:00,1.611,0.906,0.201,0.016,0.0,2.735,0.938,1.796,14.37,2024-06-11,10,Tuesday,False,0,0,0
2024-06-11 11:00:00,1.938,0.0,0.183,0.031,0.0,2.151,1.111,1.04,8.32,2024-06-11,11,Tuesday,False,0,0,0
2024-06-11 12:00:00,2.118,0.042,0.189,0.0,0.0,2.349,1.198,1.151,9.21,2024-06-11,12,Tuesday,False,0,0,0
2024-06-11 13:00:00,1.955,0.0,0.159,0.0,0.149,2.263,1.015,1.248,9.98,2024-06-11,13,Tuesday,False,0,0,0
2024-06-11 14:00:00,1.572,0.0,0.166,0.02,0.004,1.763,0.948,0.815,6.52,2024-06-11,14,Tuesday,False,0,0,0
2024-06-11 15:00:00,1.727,0.0,0.178,0.005,0.044,1.955,0.783,1.172,9.38,2024-06-11,15,Tuesday,False,0,0,0
2024-06-11 16:00:00,1.99,0.0,0.144,0.011,0.095,2.24,0.476,1.764,14.11,2024-06-11,16,Tuesday,False,0,0,0
2024-06-11 17:00:00,1.694,0.779,0.144,0.007,0.0,2.624,0.325,2.298,18.39,2024-06-11,17,Tuesday,False,0,0,0
2024-06-11 18:00:00,1.867,0.821,0.155,0.358,0.047,3.248,0.0,3.248,25.98,2024-06-11,18,Tuesday,False,0,0,0
2024-06-11 19:00:00,1.916,0.938,0.153,0.323,0.0,3.331,0.0,3.331,26.64,2024-06-11,19,Tuesday,False,0,0,0
2024-06-11 20:00:00,1.661,0.039,0.158,0.371,0.085,2.313,0.0,2.313,18.51,2024-06-11,20,Tuesday,False,0,0,0
2024-06-11 21:00:00,1.791,0.021,0.164,0.373,0.0,2.349,0.0,2.349,18.8,2024-06-11,21,Tuesday,False,0,0,0
2024-06-11 22:00:00,1.314,0.0,0.171,0.345,0.0,1.831,0.0,1.831,14.64,2024-06-11,22,Tuesday,False,0,0,0
2024-06-11 23:00:00,1.646,0.0,0.183,0.0,0.0,1.83,0.0,1.83,14.64,2024-06-11,23,Tuesday,False,0,0,0
2024-06-12 00:00:00,0.0,0.0,0.184,0.0,0.043,0.227,0.0,0.227,1.82,2024-06-12,0,Wednesday,False,0,0,0
2024-06-12 01:00:00,0.0,0.0,0.185,0.01,0.047,0.243,0.0,0.243,1.94,2024-06-12,1,Wednesday,False,0,0,0
2024-06-12 02:00:00,0.245,0.075,0.202,0.011,0.0,0.533,0.048,0.485,3.88,2024-06-12,2,Wednesday,False,0,0,0
2024-06-12 03:00:00,0.0,0.044,0.22,0.0,0.0,0.264,0.248,0.016,0.13,2024-06-12,3,Wednesday,False,0,0,0
2024-06-12 04:00:00,0.0,0.0,0.205,0.022,0.0,0.227,0.021,0.206,1.65,2024-06-12,4,Wednesday,False,0,0,0
2024-06-12 05:00:00,0.02,0.001,0.199,0.0,0.0,0.22,0.149,0.071,0.57,2024-06-12,5,Wednesday,False,0,0,0
2024-06-12 06:00:00,0.216,0.01,0.221,0.161,0.084,0.693,0.0,0.693,5.55,2024-06-12,6,Wednesday,False,0,0,0
2024-06-12 07:00:00,0.0,0.0,0.208,0.13,0.0,0.337,0.748,-0.411,0.0,2024-06-12,7,Wednesday,False,0,0,0
2024-06-12 08:00:00,0.174,0.888,0.184,0.15,0.0,1.396,1.235,0.161,1.28,2024-06-12,8,Wednesday,False,0,0,0
2024-06-12 09:00:00,1.802,0.866,0.21,0.0,0.0,2.877,1.758,1.119,8.95,2024-06-12,9,Wednesday,False,0,0,0
2024-06-12 10:00:00,1.653,0.85,0.19,0.005,0.0,2.697,2.314,0.383,3.06,2024-06-12,10,Wednesday,False,0,0,0
2024-06-12 11:00:00,1.869,0.0,0.187,0.0,0.0,2.056,2.883,-0.827,0.0,2024-06-12,11,Wednesday,False,0,0,0
2024-06-12 12:00:00,1.83,0.09,0.183,0.0,0.0,2.103,2.943,-0.839,0.0,2024-06-12,12,Wednesday,False,0,0,0
2024-06-12 13:00:00,1.71,0.032,0.174,0.017,0.011,1.944,2.741,-0.797,0.0,2024-06-12,13,Wednesday,False,0,0,0
2024-06-12 14:00:00,1.81,0.0,0.172,0.0,0.133,2.115,2.195,-0.08,0.0,2024-06-12,14,Wednesday,False,0,0,0
2024-06-12 15:00:00,1.742,0.029,0.154,0.0,0.031,1.957,1.95,0.006,0.05,2024-06-12,15,Wednesday,False,0,0,0
2024-06-12 16:00:00,1.817,0.07,0.159,0.035,0.0,2.081,1.445,0.636,5.09,2024-06-12,16,Wednesday,False,0,0,0
2024-06-12 17:00:00,1.899,0.946,0.148,0.028,0.046,3.067,0.751,2.316,18.53,2024-06-12,17,Wednesday,False,0,0,0
2024-06-12 18:00:00,2.038,0.903,0.157,0.324,0.0,3.422,0.0,3.422,27.38,2024-06-12,18,Wednesday,False,0,0,0
2024-06-12 19:00:00,1.614,0.868,0.157,0.364,0.0,3.003,0.0,3.003,24.02,2024-06-12,19,Wednesday,False,0,0,0
2024-06-12 20:00:00,2.12,0.035,0.145,0.34,0.0,2.639,0.0,2.639,21.12,2024-06-12,20,Wednesday,False,0,0,0
2024-06-12 21:00:00,1.507,0.02,0.17,0.355,0.0,2.052,0.08,1.971,15.77,2024-06-12,21,Wednesday,False,0,0,0
2024-06-12 22:00:00,1.777,0.045,0.16,0.356,0.0,2.338,0.0,2.338,18.7,2024-06-12,22,Wednesday,False,0,0,0
2024-06-12 23:00:00,1.888,0.032,0.18,0.0,0.016,2.116,0.0,2.116,16.93,2024-06-12,23,Wednesday,False,0,0,0
2024-06-13 00:00:00,0.042,0.052,0.184,0.0,3.19,3.469,0.021,3.447,27.58,2024-06-13,0,Thursday,False,0,0,0
2024-06-13 01:00:00,0.0,0.0,0.206,0.0,3.158,3.365,0.127,3.237,25.9,2024-06-13,1,Thursday,False,0,0,0
2024-06-13 02:00:00,0.0,0.066,0.193,0.0,3.105,3.364,0.104,3.26,26.08,2024-06-13,2,Thursday,False,0,0,0
2024-06-13 03:00:00,0.0,0.01,0.198,0.0,3.261,3.468,0.087,3.381,27.05,2024-06-13,3,Thursday,False,0,0,0
2024-06-13 04:00:00,0.0,0.104,0.206,0.0,3.068,3.378,0.0,3.378,27.02,2024-06-13,4,Thursday,False,0,0,0
2024-06-13 05:00:00,0.127,0.0,0.206,0.0,3.278,3.611,0.0,3.611,28.89,2024-06-13,5,Thursday,False,0,0,0
2024-06-13 06:00:00,0.054,0.087,0.218,0.164,0.0,0.522,0.0,0.522,4.18,2024-06-13,6,Thursday,False,0,0,0
2024-06-13 07:00:00,0.0,0.01,0.193,0.18,0.0,0.382,0.875,-0.492,0.0,2024-06-13,7,Thursday,False,0,0,0
2024-06-13 08:00:00,0.135,0.867,0.195,0.138,0.0,1.336,1.609,-0.273,0.0,2024-06-13,8,Thursday,False,0,0,0
2024-06-13 09:00:00,1.846,0.876,0.191,0.005,0.0,2.917,2.086,0.831,6.65,2024-06-13,9,Thursday,False,0,0,0
2024-06-13 10:00:00,1.922,0.884,0.205,0.01,0.098,3.118,2.489,0.629,5.03,2024-06-13,10,Thursday,False,0,0,0
2024-06-13 11:00:00,1.894,0.021,0.205,0.009,0.052,2.182,2.762,-0.58,0.0,2024-06-13,11,Thursday,False,0,0,0
2024-06-13 12:00:00,1.676,0.026,0.179,0.002,0.098,1.98,2.717,-0.736,0.0,2024-06-13,12,Thursday,False,0,0,0
2024-06-13 13:00:00,1.716,0.0,0.171,0.015,0.052,1.954,2.685,-0.731,0.0,2024-06-13,13,Thursday,False,0,0,0
2024-06-13 14:00:00,1.912,0.0,0.166,0.01,0.0,2.087,2.675,-0.588,0.0,2024-06-13,14,Thursday,False,0,0,0
2024-06-13 15:00:00,1.892,0.107,0.17,0.0,0.0,2.169,1.839,0.331,2.64,2024-06-13,15,Thursday,False,0,0,0
2024-06-13 16:00:00,1.797,0.086,0.145,0.017,0.0,2.045,1.642,0.403,3.23,2024-06-13,16,Thursday,False,0,0,0
2024-06-13 17:00:00,1.818,0.922,0.153,0.018,0.133,3.044,0.676,2.367,18.94,2024-06-13,17,Thursday,False,0,0,0
2024-06-13 18:00:00,1.992,0.902,0.16,0.335,0.0,3.388,0.199,3.189,25.51,2024-06-13,18,Thursday,False,0,0,0
2024-06-13 19:00:00,1.711,0.906,0.156,0.351,0.089,3.213,0.0,3.213,25.71,2024-06-13,19,Thursday,False,0,0,0
2024-06-13 20:00:00,1.882,0.031,0.156,0.364,0.089,2.522,0.088,2.434,19.47,2024-06-13,20,Thursday,False,0,0,0
2024-06-13 21:00:00,1.77,0.0,0.169,0.346,0.183,2.467,0.0,2.467,19.74,2024-06-13,21,Thursday,False,0,0,0
2024-06-13 22:00:00,1.767,0.0,0.138,0.371,3.159,5.436,0.0,5.436,43.49,2024-06-13,22,Thursday,False,1,0,1
2024-06-13 23:00:00,1.965,0.0,0.179,0.047,3.271,5.462,0.033,5.43,43.44,2024-06-13,23,Thursday,False,1,0,1
2024-06-14 00:00:00,0.124,0.02,0.173,0.0,0.228,0.545,0.151,0.394,3.15,2024-06-14,0,Friday,False,0,0,0
2024-06-14 01:00:00,0.122,0.032,0.169,0.0,0.0,0.324,0.0,0.324,2.59,2024-06-14,1,Friday,False,0,0,0
2024-06-14 02:00:00,0.196,0.0,0.2,0.006,0.0,0.402,0.0,0.402,3.22,2024-06-14,2,Friday,False,0,0,0
2024-06-14 03:00:00,0.003,0.079,0.215,0.014,0.0,0.311,0.0,0.311,2.49,2024-06-14,3,Friday,False,0,0,0
2024-06-14 04:00:00,0.102,0.0,0.205,0.0,0.071,0.378,0.0,0.378,3.03,2024-06-14,4,Friday,False,0,0,0
2024-06-14 05:00:00,0.0,0.0,0.219,0.029,0.0,0.248,0.082,0.165,1.32,2024-06-14,5,Friday,False,0,0,0
2024-06-14 06:00:00,0.049,0.011,0.226,0.123,0.0,0.409,0.142,0.267,2.13,2024-06-14,6,Friday,False,0,0,0
2024-06-14 07:00:00,0.0,0.052,0.222,0.164,0.044,0.482,0.716,-0.234,0.0,2024-06-14,7,Friday,False,0,0,0
2024-06-14 08:00:00,0.015,0.984,0.222,0.138,0.019,1.378,1.678,-0.301,0.0,2024-06-14,8,Friday,False,0,0,0
2024-06-14 09:00:00,1.889,0.877,0.209,0.034,0.043,3.052,2.014,1.038,8.31,2024-06-14,9,Friday,False,0,0,0
2024-06-14 10:00:00,1.677,0.954,0.196,0.04,0.022,2.889,2.373,0.516,4.13,2024-06-14,10,Friday,False,0,0,0
2024-06-14 11:00:00,2.114,0.0,0.172,0.0,0.128,2.413,2.463,-0.049,0.0,2024-06-14,11,Friday,False,0,0,0
2024-06-14 12:00:00,1.649,0.0,0.178,0.0,0.0,1.827,2.761,-0.934,0.0,2024-06-14,12,Friday,False,0,0,0
2024-06-14 13:00:00,1.618,0.044,0.164,0.017,0.0,1.843,2.654,-0.811,0.0,2024-06-14,13,Friday,False,0,0,0
2024-06-14 14:00:00,1.974,0.033,0.187,0.0,0.0,2.193,2.569,-0.376,0.0,2024-06-14,14,Friday,False,0,0,0
2024-06-14 15:00:00,1.919,0.0,0.157,0.0,0.083,2.159,2.049,0.11,0.88,2024-06-14,15,Friday,False,0,0,0
2024-06-14 16:00:00,1.894,0.074,0.155,0.001,0.09,2.213,1.223,0.99,7.92,2024-06-14,16,Friday,False,0,0,0
2024-06-14 17:00:00,1.894,0.969,0.157,0.0,0.045,3.065,0.751,2.314,18.52,2024-06-14,17,Friday,False,0,0,0
2024-06-14 18:00:00,1.798,0.869,0.15,0.35,0.118,3.285,0.101,3.185,25.48,2024-06-14,18,Friday,False,0,0,0
2024-06-14 19:00:00,1.665,0.92,0.168,0.336,0.0,3.089,0.229,2.86,22.88,2024-06-14,19,Friday,False,0,0,0
2024-06-14 20:00:00,1.811,0.025,0.148,0.34,0.167,2.491,0.133,2.358,18.86,2024-06-14,20,Friday,False,0,0,0
2024-06-14 21:00:00,1.698,0.013,0.161,0.379,0.152,2.403,0.114,2.289,18.31,2024-06-14,21,Friday,False,0,0,0
2024-06-14 22:00:00,1.946,0.0,0.158,0.325,0.074,2.502,0.009,2.493,19.95,2024-06-14,22,Friday,False,0,0,0
2024-06-14 23:00:00,1.778,0.0,0.159,0.016,0.178,2.131,0.058,2.073,16.59,2024-06-14,23,Friday,False,0,0,0
2024-06-15 00:00:00,0.376,0.0,0.174,0.0,0.0,0.55,0.187,0.363,2.9,2024-06-15,0,Saturday,True,0,0,0
2024-06-15 01:00:00,0.452,0.059,0.187,0.0,0.0,0.698,0.0,0.698,5.58,2024-06-15,1,Saturday,True,0,0,0
2024-06-15 02:00:00,0.562,0.027,0.191,0.016,0.0,0.796,0.0,0.796,6.37,2024-06-15,2,Saturday,True,0,0,0
2024-06-15 03:00:00,0.415,0.0,0.194,0.007,0.072,0.689,0.0,0.689,5.51,2024-06-15,3,Saturday,True,0,0,0
2024-06-15 04:00:00,0.377,0.039,0.192,0.011,0.0,0.619,0.057,0.562,4.49,2024-06-15,4,Saturday,True,0,0,0
2024-06-15 05:00:00,0.537,0.0,0.208,0.019,0.076,0.84,0.185,0.655,5.24,2024-06-15,5,Saturday,True,0,0,0
2024-06-15 06:00:00,0.537,0.057,0.195,0.143,0.137,1.07,0.0,1.07,8.56,2024-06-15,6,Saturday,True,0,0,0
2024-06-15 07:00:00,0.424,0.0,0.217,0.138,0.07,0.848,0.366,0.482,3.85,2024-06-15,7,Saturday,True,0,0,0
2024-06-15 08:00:00,0.429,0.882,0.207,0.128,0.028,1.675,1.338,0.337,2.69,2024-06-15,8,Saturday,True,0,0,0
2024-06-15 09:00:00,2.335,0.844,0.187,0.0,0.0,3.365,2.117,1.249,9.99,2024-06-15,9,Saturday,True,0,0,0
2024-06-15 10:00:00,2.083,0.835,0.192,0.059,0.0,3.169,2.506,0.663,5.31,2024-06-15,10,Saturday,True,0,0,0
2024-06-15 11:00:00,2.089,0.058,0.18,0.025,0.125,2.477,2.769,-0.292,0.0,2024-06-15,11,Saturday,True,0,0,0
2024-06-15 12:00:00,2.192,0.0,0.183,0.0,0.078,2.453,2.758,-0.305,0.0,2024-06-15,12,Saturday,True,0,0,0
2024-06-15 13:00:00,2.268,0.017,0.186,0.0,0.0,2.471,2.513,-0.042,0.0,2024-06-15,13,Saturday,True,0,0,0
2024-06-15 14:00:00,2.347,0.0,0.146,0.01,0.0,2.503,2.502,0.0,0.0,2024-06-15,14,Saturday,True,0,0,0
2024-06-15 15:00:00,2.521,0.024,0.16,0.011,0.0,2.716,1.855,0.861,6.89,2024-06-15,15,Saturday,True,0,0,0
2024-06-15 16:00:00,2.429,0.004,0.152,0.011,0.0,2.596,1.728,0.868,6.95,2024-06-15,16,Saturday,True,0,0,0
2024-06-15 17:00:00,2.276,0.836,0.158,0.0,0.191,3.461,0.81,2.65,21.2,2024-06-15,17,Saturday,True,0,0,0
2024-06-15 18:00:00,2.297,0.95,0.152,0.347,0.0,3.747,0.0,3.747,29.97,2024-06-15,18,Saturday,True,0,0,0
2024-06-15 19:00:00,2.15,0.875,0.144,0.357,0.019,3.544,0.0,3.544,28.35,2024-06-15,19,Saturday,True,0,0,0
2024-06-15 20:00:00,2.297,0.0,0.151,0.352,0.101,2.901,0.0,2.901,23.2,2024-06-15,20,Saturday,True,0,0,0
2024-06-15 21:00:00,2.257,0.0,0.151,0.306,0.0,2.713,0.0,2.713,21.71,2024-06-15,21,Saturday,True,0,0,0
2024-06-15 22:00:00,2.348,0.075,0.176,0.345,0.018,2.963,0.168,2.796,22.36,2024-06-15,22,Saturday,True,0,0,0
2024-06-15 23:00:00,2.176,0.043,0.172,0.0,0.094,2.485,0.028,2.457,19.65,2024-06-15,23,Saturday,True,0,0,0
2024-06-16 00:00:00,0.578,0.0,0.199,0.004,3.201,3.982,0.0,3.982,31.85,2024-06-16,0,Sunday,True,0,0,0
2024-06-16 01:00:00,0.73,0.0,0.187,0.06,3.487,4.464,0.284,4.18,33.44,2024-06-16,1,Sunday,True,0,0,0
2024-06-16 02:00:00,0.484,0.0,0.188,0.007,3.033,3.712,0.007,3.705,29.64,2024-06-16,2,Sunday,True,0,0,0
2024-06-16 03:00:00,0.56,0.104,0.186,0.0,3.306,4.156,0.115,4.041,32.33,2024-06-16,3,Sunday,True,0,0,0
2024-06-16 04:00:00,0.604,0.019,0.188,0.018,3.183,4.012,0.0,4.012,32.09,2024-06-16,4,Sunday,True,0,0,0
2024-06-16 05:00:00,0.44,0.022,0.193,0.01,3.277,3.941,0.054,3.887,31.09,2024-06-16,5,Sunday,True,0,0,0
2024-06-16 06:00:00,0.534,0.052,0.213,0.158,0.044,1.0,0.047,0.954,7.63,2024-06-16,6,Sunday,True,0,0,0
2024-06-16 07:00:00,0.502,0.012,0.214,0.162,0.0,0.89,0.441,0.449,3.59,2024-06-16,7,Sunday,True,0,0,0
2024-06-16 08:00:00,0.515,0.257,0.19,0.191,0.023,1.176,1.702,-0.526,0.0,2024-06-16,8,Sunday,True,0,0,0
2024-06-16 09:00:00,2.184,0.26,0.21,0.0,0.0,2.654,2.173,0.481,3.85,2024-06-16,9,Sunday,True,0,0,0
2024-06-16 10:00:00,2.304,0.266,0.19,0.009,0.06,2.83,2.365,0.465,3.72,2024-06-16,10,Sunday,True,0,0,0
2024-06-16 11:00:00,2.375,0.0,0.189,0.0,0.03,2.594,2.539,0.054,0.44,2024-06-16,11,Sunday,True,0,0,0
2024-06-16 12:00:00,2.518,0.036,0.196,0.011,0.064,2.825,2.852,-0.027,0.0,2024-06-16,12,Sunday,True,0,0,0
2024-06-16 13:00:00,2.444,0.003,0.181,0.0,0.106,2.734,2.718,0.016,0.13,2024-06-16,13,Sunday,True,0,0,0
2024-06-16 14:00:00,2.623,0.037,0.162,0.0,0.037,2.859,2.478,0.38,3.04,2024-06-16,14,Sunday,True,0,0,0
2024-06-16 15:00:00,2.185,0.0,0.15,0.0,0.015,2.35,2.009,0.341,2.73,2024-06-16,15,Sunday,True,0,0,0
2024-06-16 16:00:00,2.431,0.004,0.133,0.02,0.0,2.587,1.476,1.111,8.89,2024-06-16,16,Sunday,True,0,0,0
2024-06-16 17:00:00,2.328,0.17,0.144,0.018,0.0,2.66,0.942,1.718,13.74,2024-06-16,17,Sunday,True,0,0,0
2024-06-16 18:00:00,2.628,0.316,0.148,0.325,0.119,3.536,0.085,3.451,27.61,2024-06-16,18,Sunday,True,0,0,0
2024-06-16 19:00:00,2.179,0.287,0.141,0.351,0.144,3.102,0.0,3.102,24.82,2024-06-16,19,Sunday,True,0,0,0
2024-06-16 20:00:00,2.174,0.05,0.153,0.336,0.0,2.712,0.204,2.508,20.06,2024-06-16,20,Sunday,True,0,0,0
2024-06-16 21:00:00,2.21,0.0,0.16,0.325,0.005,2.699,0.246,2.453,19.62,2024-06-16,21,Sunday,True,0,0,0
2024-06-16 22:00:00,1.981,0.104,0.163,0.346,3.11,5.704,0.473,5.231,41.85,2024-06-16,22,Sunday,True,1,0,1
2024-06-16 23:00:00,2.221,0.0,0.166,0.0,3.317,5.704,0.0,5.704,45.63,2024-06-16,23,Sunday,True,1,0,1
2024-06-17 00:00:00,0.0,0.055,0.182,0.049,0.067,0.352,0.036,0.316,2.53,2024-06-17,0,Monday,False,0,0,0
2024-06-17 01:00:00,0.023,0.0,0.192,0.009,0.194,0.418,0.0,0.418,3.34,2024-06-17,1,Monday,False,0,0,0
2024-06-17 02:00:00,0.051,0.031,0.184,0.0,0.0,0.266,0.083,0.183,1.46,2024-06-17,2,Monday,False,0,0,0
2024-06-17 03:00:00,0.281,0.0,0.215,0.0,0.0,0.497,0.0,0.497,3.97,2024-06-17,3,Monday,False,0,0,0
2024-06-17 04:00:00,0.143,0.0,0.205,0.02,0.023,0.391,0.289,0.103,0.82,2024-06-17,4,Monday,False,0,0,0
2024-06-17 05:00:00,0.0,0.096,0.209,0.042,0.065,0.411,0.0,0.411,3.29,2024-06-17,5,Monday,False,0,0,0
2024-06-17 06:00:00,0.0,0.0,0.217,0.118,0.0,0.335,0.0,0.335,2.68,2024-06-17,6,Monday,False,0,0,0
2024-06-17 07:00:00,0.074,0.011,0.211,0.112,0.0,0.408,0.654,-0.246,0.0,2024-06-17,7,Monday,False,0,0,0
2024-06-17 08:00:00,0.0,0.944,0.216,0.187,0.088,1.435,1.104,0.331,2.65,2024-06-17,8,Monday,False,0,0,0
2024-06-17 09:00:00,2.075,0.925,0.204,0.008,0.072,3.283,2.093,1.191,9.53,2024-06-17,9,Monday,False,0,0,0
2024-06-17 10:00:00,1.977,0.908,0.189,0.0,0.0,3.073,2.115,0.958,7.67,2024-06-17,10,Monday,False,0,0,0
2024-06-17 11:00:00,1.73,0.018,0.191,0.011,0.136,2.085,2.709,-0.623,0.0,2024-06-17,11,Monday,False,0,0,0
2024-06-17 12:00:00,1.543,0.12,0.169,0.0,0.117,1.949,2.488,-0.54,0.0,2024-06-17,12,Monday,False,0,0,0
2024-06-17 13:00:00,2.003,0.0,0.173,0.0,0.013,2.19,2.657,-0.467,0.0,2024-06-17,13,Monday,False,0,0,0
2024-06-17 14:00:00,1.783,0.01,0.165,0.007,0.008,1.972,2.671,-0.699,0.0,2024-06-17,14,Monday,False,0,0,0
2024-06-17 15:00:00,1.986,0.053,0.157,0.018,0.055,2.269,2.034,0.235,1.88,2024-06-17,15,Monday,False,0,0,0
2024-06-17 16:00:00,1.561,0.055,0.153,0.0,0.0,1.769,1.27,0.498,3.99,2024-06-17,16,Monday,False,0,0,0
2024-06-17 17:00:00,1.71,0.959,0.132,0.002,0.003,2.806,0.72,2.086,16.69,2024-06-17,17,Monday,False,0,0,0
2024-06-17 18:00:00,1.801,0.932,0.145,0.331,0.0,3.209,0.003,3.206,25.65,2024-06-17,18,Monday,False,0,0,0
2024-06-17 19:00:00,1.807,0.843,0.152,0.355,0.088,3.245,0.071,3.174,25.39,2024-06-17,19,Monday,False,0,0,0
2024-06-17 20:00:00,1.732,0.082,0.156,0.332,0.0,2.302,0.0,2.302,18.41,2024-06-17,20,Monday,False,0,0,0
2024-06-17 21:00:00,1.893,0.0,0.149,0.342,0.15,2.534,0.089,2.445,19.56,2024-06-17,21,Monday,False,0,0,0
2024-06-17 22:00:00,1.64,0.015,0.178,0.33,0.0,2.163,0.0,2.163,17.3,2024-06-17,22,Monday,False,0,0,0
2024-06-17 23:00:00,1.779,0.0,0.164,0.013,0.0,1.955,0.0,1.955,15.64,2024-06-17,23,Monday,False,0,0,0
2024-06-18 00:00:00,0.018,0.0,0.19,0.017,0.0,0.225,0.0,0.225,1.8,2024-06-18,0,Tuesday,False,0,0,0
2024-06-18 01:00:00,0.077,0.016,0.192,0.0,0.0,0.286,0.038,0.248,1.98,2024-06-18,1,Tuesday,False,0,0,0
2024-06-18 02:00:00,0.107,0.016,0.189,0.001,0.142,0.454,0.001,0.453,3.62,2024-06-18,2,Tuesday,False,0,0,0
2024-06-18 03:00:00,0.0,0.021,0.219,0.0,0.0,0.24,0.0,0.24,1.92,2024-06-18,3,Tuesday,False,0,0,0
2024-06-18 04:00:00,0.0,0.081,0.194,0.0,0.128,0.402,0.0,0.402,3.22,2024-06-18,4,Tuesday,False,0,0,0
2024-06-18 05:00:00,0.192,0.023,0.218,0.0,0.034,0.466,0.012,0.454,3.64,2024-06-18,5,Tuesday,False,0,0,0
2024-06-18 06:00:00,0.05,0.0,0.22,0.202,0.0,0.472,0.0,0.472,3.78,2024-06-18,6,Tuesday,False,0,0,0
2024-06-18 07:00:00,0.0,0.048,0.202,0.128,0.0,0.378,0.255,0.123,0.98,2024-06-18,7,Tuesday,False,0,0,0
2024-06-18 08:00:00,0.233,0.959,0.22,0.179,0.168,1.759,0.531,1.228,9.82,2024-06-18,8,Tuesday,False,0,0,0
2024-06-18 09:00:00,1.817,0.839,0.199,0.02,0.0,2.875,0.834,2.041,16.33,2024-06-18,9,Tuesday,False,0,0,0
2024-06-18 10:00:00,1.977,0.93,0.198,0.006,0.0,3.11,0.939,2.171,17.37,2024-06-18,10,Tuesday,False,0,0,0
2024-06-18 11:00:00,1.81,0.035,0.19,0.035,0.114,2.184,1.077,1.108,8.86,2024-06-18,11,Tuesday,False,0,0,0
2024-06-18 12:00:00,2.109,0.0,0.179,0.007,0.034,2.329,1.25,1.079,8.63,2024-06-18,12,Tuesday,False,0,0,0
2024-06-18 13:00:00,2.063,0.069,0.18,0.008,0.0,2.32,0.996,1.324,10.59,2024-06-18,13,Tuesday,False,0,0,0
2024-06-18 14:00:00,1.763,0.0,0.173,0.0,0.022,1.957,0.859,1.098,8.79,2024-06-18,14,Tuesday,False,0,0,0
2024-06-18 15:00:00,1.946,0.006,0.141,0.024,0.0,2.118,0.839,1.279,10.23,2024-06-18,15,Tuesday,False,0,0,0
2024-06-18 16:00:00,1.897,0.0,0.167,0.022,0.11,2.196,0.519,1.677,13.41,2024-06-18,16,Tuesday,False,0,0,0
2024-06-18 17:00:00,2.005,0.901,0.134,0.0,0.106,3.147,0.271,2.876,23.01,2024-06-18,17,Tuesday,False,0,0,0
2024-06-18 18:00:00,1.655,0.845,0.16,0.324,0.053,3.038,0.0,3.038,24.3,2024-06-18,18,Tuesday,False,0,0,0
2024-06-18 19:00:00,1.903,0.828,0.162,0.346,0.036,3.275,0.0,3.275,26.2,2024-06-18,19,Tuesday,False,0,0,0
2024-06-18 20:00:00,1.959,0.08,0.143,0.334,0.176,2.692,0.096,2.596,20.77,2024-06-18,20,Tuesday,False,0,0,0
2024-06-18 21:00:00,1.536,0.0,0.155,0.349,0.0,2.04,0.048,1.991,15.93,2024-06-18,21,Tuesday,False,0,0,0
2024-06-18 22:00:00,1.623,0.0,0.154,0.375,0.0,2.151,0.052,2.099,16.8,2024-06-18,22,Tuesday,False,0,0,0
2024-06-18 23:00:00,1.494,0.0,0.17,0.0,0.045,1.709,0.0,1.709,13.67,2024-06-18,23,Tuesday,False,0,0,0
2024-06-19 00:00:00,0.0,0.0,0.177,0.0,3.409,3.586,0.0,3.586,28.68,2024-06-19,0,Wednesday,False,0,0,0
2024-06-19 01:00:00,0.108,0.0,0.196,0.001,3.099,3.403,0.0,3.403,27.22,2024-06-19,1,Wednesday,False,0,0,0
2024-06-19 02:00:00,0.225,0.082,0.208,0.017,3.164,3.696,0.0,3.696,29.57,2024-06-19,2,Wednesday,False,0,0,0
2024-06-19 03:00:00,0.011,0.05,0.215,0.0,3.242,3.518,0.144,3.375,27.0,2024-06-19,3,Wednesday,False,0,0,0
2024-06-19 04:00:00,0.244,0.0,0.2,0.0,3.195,3.639,0.078,3.562,28.49,2024-06-19,4,Wednesday,False,0,0,0
2024-06-19 05:00:00,0.0,0.113,0.207,0.004,3.102,3.426,0.0,3.426,27.4,2024-06-19,5,Wednesday,False,0,0,0
2024-06-19 06:00:00,0.0,0.049,0.193,0.174,0.112,0.528,0.0,0.528,4.23,2024-06-19,6,Wednesday,False,0,0,0
2024-06-19 07:00:00,0.0,0.0,0.201,0.14,0.232,0.573,0.621,-0.048,0.0,2024-06-19,7,Wednesday,False,0,0,0
2024-06-19 08:00:00,0.058,0.775,0.216,0.112,0.02,1.18,1.431,-0.25,0.0,2024-06-19,8,Wednesday,False,0,0,0
2024-06-19 09:00:00,1.795,1.015,0.217,0.012,0.0,3.039,2.095,0.945,7.56,2024-06-19,9,Wednesday,False,0,0,0
2024-06-19 10:00:00,1.49,0.831,0.183,0.0,0.0,2.503,2.182,0.321,2.56,2024-06-19,10,Wednesday,False,0,0,0
2024-06-19 11:00:00,1.787,0.0,0.182,0.0,0.026,1.994,2.75,-0.755,0.0,2024-06-19,11,Wednesday,False,0,0,0
2024-06-19 12:00:00,1.604,0.051,0.18,0.0,0.11,1.946,2.94,-0.994,0.0,2024-06-19,12,Wednesday,False,0,0,0
2024-06-19 13:00:00,1.9,0.122,0.175,0.0,0.048,2.245,2.642,-0.397,0.0,2024-06-19,13,Wednesday,False,0,0,0
2024-06-19 14:00:00,1.855,0.069,0.157,0.0,0.0,2.081,2.53,-0.449,0.0,2024-06-19,14,Wednesday,False,0,0,0
2024-06-19 15:00:00,1.659,0.028,0.163,0.0,0.0,1.85,2.402,-0.552,0.0,2024-06-19,15,Wednesday,False,0,0,0
2024-06-19 16:00:00,1.723,0.03,0.149,0.018,0.0,1.92,1.384,0.536,4.28,2024-06-19,16,Wednesday,False,0,0,0
2024-06-19 17:00:00,1.641,0.943,0.151,0.025,0.083,2.844,0.784,2.06,16.48,2024-06-19,17,Wednesday,False,0,0,0
2024-06-19 18:00:00,1.791,0.938,0.155,0.363,0.091,3.338,0.0,3.338,26.71,2024-06-19,18,Wednesday,False,0,0,0
2024-06-19 19:00:00,1.943,0.914,0.151,0.327,0.0,3.336,0.027,3.308,26.47,2024-06-19,19,Wednesday,False,0,0,0
2024-06-19 20:00:00,1.652,0.005,0.15,0.346,0.159,2.312,0.069,2.243,17.94,2024-06-19,20,Wednesday,False,0,0,0
2024-06-19 21:00:00,1.876,0.0,0.158,0.35,0.057,2.441,0.029,2.411,19.29,2024-06-19,21,Wednesday,False,0,0,0
2024-06-19 22:00:00,1.72,0.0,0.164,0.362,3.34,5.587,0.0,5.587,44.69,2024-06-19,22,Wednesday,False,1,0,1
2024-06-19 23:00:00,1.681,0.0,0.169,0.013,3.066,4.929,0.031,4.898,39.18,2024-06-19,23,Wednesday,False,1,0,1
2024-06-20 00:00:00,0.0,0.0,0.177,0.0,0.0,0.177,0.219,-0.042,0.0,2024-06-20,0,Thursday,False,0,0,0
2024-06-20 01:00:00,0.0,0.0,0.204,0.002,0.0,0.205,0.067,0.138,1.1,2024-06-20,1,Thursday,False,0,0,0
2024-06-20 02:00:00,0.0,0.0,0.201,0.009,0.05,0.26,0.144,0.116,0.93,2024-06-20,2,Thursday,False,0,0,0
2024-06-20 03:00:00,0.0,0.0,0.198,0.029,0.18,0.407,0.0,0.407,3.26,2024-06-20,3,Thursday,False,0,0,0
2024-06-20 04:00:00,0.295,0.009,0.213,0.014,0.071,0.601,0.112,0.489,3.91,2024-06-20,4,Thursday,False,0,0,0
2024-06-20 05:00:00,0.005,0.07,0.206,0.016,0.0,0.296,0.042,0.254,2.04,2024-06-20,5,Thursday,False,0,0,0
2024-06-20 06:00:00,0.0,0.046,0.222,0.152,0.0,0.419,0.0,0.419,3.35,2024-06-20,6,Thursday,False,0,0,0
2024-06-20 07:00:00,0.032,0.0,0.213,0.178,0.123,0.546,0.772,-0.226,0.0,2024-06-20,7,Thursday,False,0,0,0
2024-06-20 08:00:00,0.0,0.851,0.205,0.158,0.0,1.214,1.251,-0.038,0.0,2024-06-20,8,Thursday,False,0,0,0
2024-06-20 09:00:00,1.767,0.947,0.206,0.0,0.163,3.082,1.885,1.197,9.58,2024-06-20,9,Thursday,False,0,0,0
2024-06-20 10:00:00,1.892,0.851,0.179,0.028,0.0,2.95,2.453,0.497,3.98,2024-06-20,10,Thursday,False,0,0,0
2024-06-20 11:00:00,1.914,0.0,0.176,0.014,0.159,2.263,2.749,-0.486,0.0,2024-06-20,11,Thursday,False,0,0,0
2024-06-20 12:00:00,1.72,0.028,0.168,0.0,0.068,1.984,2.622,-0.638,0.0,2024-06-20,12,Thursday,False,0,0,0
2024-06-20 13:00:00,1.714,0.0,0.174,0.0,0.0,1.887,2.863,-0.975,0.0,2024-06-20,13,Thursday,False,0,0,0
2024-06-20 14:00:00,1.759,0.005,0.182,0.006,0.0,1.952,2.511,-0.558,0.0,2024-06-20,14,Thursday,False,0,0,0
2024-06-20 15:00:00,1.455,0.0,0.181,0.009,0.0,1.645,1.874,-0.229,0.0,2024-06-20,15,Thursday,False,0,0,0
2024-06-20 16:00:00,1.573,0.0,0.16,0.004,0.043,1.78,1.169,0.611,4.88,2024-06-20,16,Thursday,False,0,0,0
2024-06-20 17:00:00,2.005,0.916,0.156,0.006,0.008,3.091,0.703,2.388,19.1,2024-06-20,17,Thursday,False,0,0,0
2024-06-20 18:00:00,2.047,0.82,0.132,0.384,0.0,3.383,0.0,3.383,27.06,2024-06-20,18,Thursday,False,0,0,0
2024-06-20 19:00:00,1.763,0.922,0.146,0.371,0.0,3.202,0.017,3.185,25.48,2024-06-20,19,Thursday,False,0,0,0
2024-06-20 20:00:00,1.886,0.0,0.146,0.354,0.008,2.394,0.0,2.394,19.15,2024-06-20,20,Thursday,False,0,0,0
2024-06-20 21:00:00,1.847,0.028,0.153,0.369,0.0,2.396,0.0,2.396,19.17,2024-06-20,21,Thursday,False,0,0,0
2024-06-20 22:00:00,2.262,0.011,0.163,0.329,0.046,2.812,0.0,2.812,22.49,2024-06-20,22,Thursday,False,0,0,0
2024-06-20 23:00:00,1.968,0.068,0.168,0.008,0.0,2.212,0.0,2.212,17.69,2024-06-20,23,Thursday,False,0,0,0
2024-06-21 00:00:00,0.0,0.006,0.16,0.036,0.0,0.203,0.095,0.108,0.86,2024-06-21,0,Friday,False,0,0,0
2024-06-21 01:00:00,0.0,0.0,0.195,0.0,0.0,0.195,0.0,0.195,1.56,2024-06-21,1,Friday,False,0,0,0
2024-06-21 02:00:00,0.0,0.006,0.184,0.0,0.0,0.19,0.252,-0.061,0.0,2024-06-21,2,Friday,False,0,0,0
2024-06-21 03:00:00,0.031,0.027,0.204,0.0,0.0,0.261,0.0,0.261,2.09,2024-06-21,3,Friday,False,0,0,0
2024-06-21 04:00:00,0.0,0.002,0.227,0.0,0.0,0.229,0.197,0.032,0.26,2024-06-21,4,Friday,False,0,0,0
2024-06-21 05:00:00,0.0,0.002,0.2,0.0,0.195,0.397,0.0,0.397,3.18,2024-06-21,5,Friday,False,0,0,0
2024-06-21 06:00:00,0.0,0.0,0.185,0.143,0.0,0.327,0.129,0.198,1.59,2024-06-21,6,Friday,False,0,0,0
2024-06-21 07:00:00,0.0,0.0,0.206,0.122,0.018,0.346,0.737,-0.391,0.0,2024-06-21,7,Friday,False,0,0,0
2024-06-21 08:00:00,0.253,0.83,0.217,0.15,0.04,1.49,1.571,-0.081,0.0,2024-06-21,8,Friday,False,0,0,0
2024-06-21 09:00:00,1.932,0.987,0.221,0.018,0.013,3.172,1.922,1.25,10.0,2024-06-21,9,Friday,False,0,0,0
2024-06-21 10:00:00,1.799,0.838,0.183,0.0,0.0,2.819,2.26,0.559,4.47,2024-06-21,10,Friday,False,0,0,0
2024-06-21 11:00:00,2.022,0.0,0.193,0.03,0.0,2.245,2.918,-0.673,0.0,2024-06-21,11,Friday,False,0,0,0
2024-06-21 12:00:00,1.812,0.0,0.175,0.01,0.145,2.142,2.783,-0.641,0.0,2024-06-21,12,Friday,False,0,0,0
2024-06-21 13:00:00,1.671,0.045,0.171,0.021,0.181,2.088,2.738,-0.65,0.0,2024-06-21,13,Friday,False,0,0,0
2024-06-21 14:00:00,2.028,0.0,0.191,0.0,0.0,2.22,2.61,-0.39,0.0,2024-06-21,14,Friday,False,0,0,0
2024-06-21 15:00:00,1.881,0.062,0.144,0.017,0.0,2.104,1.825,0.279,2.23,2024-06-21,15,Friday,False,0,0,0
2024-06-21 16:00:00,1.644,0.0,0.157,0.0,0.0,1.801,1.489,0.312,2.49,2024-06-21,16,Friday,False,0,0,0
2024-06-21 17:00:00,1.771,0.914,0.156,0.018,0.0,2.859,0.636,2.223,17.78,2024-06-21,17,Friday,False,0,0,0
2024-06-21 18:00:00,1.669,0.858,0.161,0.353,0.051,3.092,0.0,3.092,24.73,2024-06-21,18,Friday,False,0,0,0
2024-06-21 19:00:00,1.593,1.007,0.152,0.361,0.0,3.113,0.011,3.102,24.82,2024-06-21,19,Friday,False,0,0,0
2024-06-21 20:00:00,1.939,0.0,0.157,0.326,0.217,2.639,0.0,2.639,21.11,2024-06-21,20,Friday,False,0,0,0
2024-06-21 21:00:00,2.086,0.015,0.155,0.332,0.119,2.708,0.0,2.708,21.66,2024-06-21,21,Friday,False,0,0,0
2024-06-21 22:00:00,1.59,0.032,0.168,0.362,0.021,2.173,0.203,1.97,15.76,2024-06-21,22,Friday,False,0,0,0
2024-06-21 23:00:00,1.884,0.021,0.169,0.0,0.103,2.177,0.133,2.044,16.35,2024-06-21,23,Friday,False,0,0,0
2024-06-22 00:00:00,0.402,0.0,0.186,0.009,3.311,3.908,0.0,3.908,31.27,2024-06-22,0,Saturday,True,0,0,0
2024-06-22 01:00:00,0.427,0.0,0.184,0.0,3.144,3.755,0.036,3.718,29.75,2024-06-22,1,Saturday,True,0,0,0
2024-06-22 02:00:00,0.411,0.002,0.199,0.017,3.118,3.747,0.0,3.747,29.98,2024-06-22,2,Saturday,True,0,0,0
2024-06-22 03:00:00,0.37,0.0,0.201,0.0,3.208,3.779,0.203,3.576,28.61,2024-06-22,3,Saturday,True,0,0,0
2024-06-22 04:00:00,0.507,0.048,0.217,0.011,3.286,4.07,0.0,4.07,32.56,2024-06-22,4,Saturday,True,0,0,0
2024-06-22 05:00:00,0.375,0.111,0.208,0.013,3.214,3.921,0.035,3.886,31.09,2024-06-22,5,Saturday,True,0,0,0
2024-06-22 06:00:00,0.541,0.0,0.192,0.136,0.0,0.869,0.172,0.697,5.58,2024-06-22,6,Saturday,True,0,0,0
2024-06-22 07:00:00,0.492,0.0,0.222,0.162,0.0,0.876,0.608,0.268,2.14,2024-06-22,7,Saturday,True,0,0,0
2024-06-22 08:00:00,0.464,0.896,0.197,0.155,0.0,1.712,1.634,0.078,0.62,2024-06-22,8,Saturday,True,0,0,0
2024-06-22 09:00:00,2.164,1.029,0.195,0.0,0.0,3.388,1.75,1.637,13.1,2024-06-22,9,Saturday,True,0,0,0
2024-06-22 10:00:00,2.213,0.86,0.189,0.0,0.197,3.46,2.669,0.79,6.32,2024-06-22,10,Saturday,True,0,0,0
2024-06-22 11:00:00,2.413,0.082,0.202,0.0,0.0,2.697,2.649,0.048,0.38,2024-06-22,11,Saturday,True,0,0,0
2024-06-22 12:00:00,2.375,0.084,0.159,0.007,0.051,2.675,2.764,-0.088,0.0,2024-06-22,12,Saturday,True,0,0,0
2024-06-22 13:00:00,2.153,0.0,0.204,0.0,0.149,2.506,2.421,0.085,0.68,2024-06-22,13,Saturday,True,0,0,0
2024-06-22 14:00:00,2.315,0.028,0.176,0.002,0.227,2.748,2.357,0.391,3.13,2024-06-22,14,Saturday,True,0,0,0
2024-06-22 15:00:00,2.413,0.081,0.161,0.0,0.0,2.655,1.824,0.831,6.65,2024-06-22,15,Saturday,True,0,0,0
2024-06-22 16:00:00,2.05,0.0,0.153,0.014,0.049,2.266,1.309,0.957,7.66,2024-06-22,16,Saturday,True,0,0,0
2024-06-22 17:00:00,2.382,0.89,0.154,0.0,0.057,3.482,0.704,2.778,22.22,2024-06-22,17,Saturday,True,0,0,0
2024-06-22 18:00:00,2.201,0.871,0.155,0.343,0.02,3.59,0.144,3.446,27.57,2024-06-22,18,Saturday,True,0,0,0
2024-06-22 19:00:00,2.386,0.849,0.157,0.365,0.0,3.757,0.031,3.726,29.81,2024-06-22,19,Saturday,True,0,0,0
2024-06-22 20:00:00,2.186,0.0,0.16,0.357,0.044,2.745,0.046,2.699,21.59,2024-06-22,20,Saturday,True,0,0,0
2024-06-22 21:00:00,2.029,0.0,0.16,0.356,0.0,2.545,0.0,2.545,20.36,2024-06-22,21,Saturday,True,0,0,0
2024-06-22 22:00:00,2.056,0.002,0.163,0.359,3.268,5.848,0.0,5.848,46.79,2024-06-22,22,Saturday,True,1,0,1
2024-06-22 23:00:00,2.307,0.0,0.171,0.0,3.213,5.691,0.27,5.421,43.37,2024-06-22,23,Saturday,True,1,0,1
2024-06-23 00:00:00,0.539,0.012,0.178,0.015,0.0,0.744,0.0,0.744,5.95,2024-06-23,0,Sunday,True,0,0,0
2024-06-23 01:00:00,0.364,0.0,0.199,0.012,0.205,0.78,0.248,0.532,4.26,2024-06-23,1,Sunday,True,0,0,0
2024-06-23 02:00:00,0.596,0.017,0.201,0.0,0.0,0.813,0.0,0.813,6.51,2024-06-23,2,Sunday,True,0,0,0
2024-06-23 03:00:00,0.251,0.042,0.172,0.0,0.0,0.464,0.0,0.464,3.71,2024-06-23,3,Sunday,True,0,0,0
2024-06-23 04:00:00,0.49,0.0,0.213,0.0,0.199,0.902,0.161,0.741,5.93,2024-06-23,4,Sunday,True,0,0,0
2024-06-23 05:00:00,0.318,0.019,0.211,0.0,0.0,0.548,0.191,0.357,2.86,2024-06-23,5,Sunday,True,0,0,0
2024-06-23 06:00:00,0.402,0.061,0.21,0.157,0.0,0.83,0.0,0.83,6.64,2024-06-23,6,Sunday,True,0,0,0
2024-06-23 07:00:00,0.507,0.0,0.205,0.179,0.0,0.891,0.666,0.224,1.79,2024-06-23,7,Sunday,True,0,0,0
2024-06-23 08:00:00,0.371,0.354,0.217,0.172,0.084,1.197,1.392,-0.194,0.0,2024-06-23,8,Sunday,True,0,0,0
2024-06-23 09:00:00,2.242,0.291,0.211,0.0,0.021,2.765,2.031,0.734,5.87,2024-06-23,9,Sunday,True,0,0,0
2024-06-23 10:00:00,2.451,0.235,0.187,0.012,0.0,2.885,2.559,0.327,2.61,2024-06-23,10,Sunday,True,0,0,0
2024-06-23 11:00:00,2.213,0.0,0.192,0.027,0.0,2.432,2.705,-0.273,0.0,2024-06-23,11,Sunday,True,0,0,0
2024-06-23 12:00:00,2.425,0.028,0.17,0.008,0.0,2.631,2.893,-0.262,0.0,2024-06-23,12,Sunday,True,0,0,0
2024-06-23 13:00:00,2.131,0.004,0.158,0.022,0.0,2.315,2.95,-0.636,0.0,2024-06-23,13,Sunday,True,0,0,0
2024-06-23 14:00:00,2.379,0.027,0.159,0.04,0.043,2.648,2.482,0.166,1.33,2024-06-23,14,Sunday,True,0,0,0
2024-06-23 15:00:00,2.516,0.0,0.167,0.02,0.042,2.746,2.027,0.719,5.75,2024-06-23,15,Sunday,True,0,0,0
2024-06-23 16:00:00,1.929,0.008,0.164,0.005,0.0,2.106,1.172,0.934,7.47,2024-06-23,16,Sunday,True,0,0,0
2024-06-23 17:00:00,2.18,0.199,0.156,0.021,0.106,2.663,0.33,2.333,18.67,2024-06-23,17,Sunday,True,0,0,0
2024-06-23 18:00:00,2.387,0.264,0.157,0.353,0.025,3.186,0.058,3.128,25.03,2024-06-23,18,Sunday,True,0,0,0
2024-06-23 19:00:00,2.27,0.225,0.156,0.35,0.138,3.139,0.0,3.139,25.12,2024-06-23,19,Sunday,True,0,0,0
2024-06-23 20:00:00,2.356,0.0,0.148,0.343,0.044,2.891,0.0,2.891,23.13,2024-06-23,20,Sunday,True,0,0,0
2024-06-23 21:00:00,2.209,0.062,0.163,0.381,0.11,2.926,0.037,2.889,23.11,2024-06-23,21,Sunday,True,0,0,0
2024-06-23 22:00:00,2.313,0.055,0.173,0.334,0.047,2.921,0.0,2.921,23.37,2024-06-23,22,Sunday,True,0,0,0
2024-06-23 23:00:00,2.277,0.03,0.18,0.031,0.135,2.652,0.169,2.483,19.86,2024-06-23,23,Sunday,True,0,0,0
2024-06-24 00:00:00,0.175,0.0,0.192,0.01,0.052,0.429,0.013,0.416,3.33,2024-06-24,0,Monday,False,0,0,0
2024-06-24 01:00:00,0.038,0.0,0.195,0.0,0.0,0.233,0.0,0.233,1.86,2024-06-24,1,Monday,False,0,0,0
2024-06-24 02:00:00,0.051,0.061,0.199,0.007,0.227,0.544,0.149,0.396,3.17,2024-06-24,2,Monday,False,0,0,0
2024-06-24 03:00:00,0.0,0.007,0.212,0.0,0.089,0.308,0.0,0.308,2.46,2024-06-24,3,Monday,False,0,0,0
2024-06-24 04:00:00,0.0,0.116,0.206,0.013,0.057,0.392,0.079,0.313,2.5,2024-06-24,4,Monday,False,0,0,0
2024-06-24 05:00:00,0.0,0.02,0.2,0.018,0.0,0.238,0.0,0.238,1.9,2024-06-24,5,Monday,False,0,0,0
2024-06-24 06:00:00,0.059,0.01,0.208,0.138,0.0,0.415,0.0,0.415,3.32,2024-06-24,6,Monday,False,0,0,0
2024-06-24 07:00:00,0.0,0.0,0.202,0.152,0.029,0.383,0.737,-0.354,0.0,2024-06-24,7,Monday,False,0,0,0
2024-06-24 08:00:00,0.043,0.907,0.199,0.189,0.015,1.353,1.402,-0.049,0.0,2024-06-24,8,Monday,False,0,0,0
2024-06-24 09:00:00,2.111,0.892,0.2,0.0,0.0,3.203,2.052,1.152,9.21,2024-06-24,9,Monday,False,0,0,0
2024-06-24 10:00:00,1.931,0.935,0.187,0.0,0.014,3.067,2.385,0.683,5.46,2024-06-24,10,Monday,False,0,0,0
2024-06-24 11:00:00,1.751,0.048,0.185,0.03,0.159,2.172,2.429,-0.257,0.0,2024-06-24,11,Monday,False,0,0,0
2024-06-24 12:00:00,1.98,0.0,0.161,0.039,0.07,2.25,2.735,-0.485,0.0,2024-06-24,12,Monday,False,0,0,0
2024-06-24 13:00:00,1.739,0.0,0.174,0.0,0.0,1.913,2.824,-0.91,0.0,2024-06-24,13,Monday,False,0,0,0
2024-06-24 14:00:00,1.494,0.0,0.165,0.02,0.0,1.68,2.38,-0.701,0.0,2024-06-24,14,Monday,False,0,0,0
2024-06-24 15:00:00,1.649,0.025,0.151,0.027,0.0,1.852,1.943,-0.091,0.0,2024-06-24,15,Monday,False,0,0,0
2024-06-24 16:00:00,1.519,0.0,0.161,0.0,0.0,1.68,1.548,0.132,1.06,2024-06-24,16,Monday,False,0,0,0
2024-06-24 17:00:00,1.747,0.792,0.16,0.0,0.0,2.7,0.618,2.082,16.66,2024-06-24,17,Monday,False,0,0,0
2024-06-24 18:00:00,1.803,0.919,0.134,0.375,0.0,3.231,0.0,3.231,25.85,2024-06-24,18,Monday,False,0,0,0
2024-06-24 19:00:00,2.051,1.025,0.143,0.384,0.0,3.603,0.0,3.603,28.83,2024-06-24,19,Monday,False,0,0,0
2024-06-24 20:00:00,1.849,0.0,0.146,0.361,0.0,2.357,0.0,2.357,18.85,2024-06-24,20,Monday,False,0,0,0
2024-06-24 21:00:00,1.767,0.042,0.149,0.332,0.0,2.291,0.0,2.291,18.33,2024-06-24,21,Monday,False,0,0,0
2024-06-24 22:00:00,1.924,0.004,0.173,0.39,0.0,2.492,0.0,2.492,19.93,2024-06-24,22,Monday,False,0,0,0
2024-06-24 23:00:00,1.468,0.0,0.17,0.0,0.205,1.844,0.074,1.77,14.16,2024-06-24,23,Monday,False,0,0,0
2024-06-25 00:00:00,0.035,0.046,0.177,0.0,3.309,3.568,0.0,3.568,28.54,2024-06-25,0,Tuesday,False,0,0,0
2024-06-25 01:00:00,0.116,0.0,0.168,0.007,3.162,3.453,0.018,3.434,27.47,2024-06-25,1,Tuesday,False,0,0,0
2024-06-25 02:00:00,0.0,0.013,0.201,0.031,3.202,3.448,0.109,3.339,26.71,2024-06-25,2,Tuesday,False,0,0,0
2024-06-25 03:00:00,0.172,0.016,0.189,0.017,3.083,3.476,0.0,3.476,27.81,2024-06-25,3,Tuesday,False,0,0,0
2024-06-25 04:00:00,0.051,0.0,0.207,0.008,3.37,3.635,0.017,3.619,28.95,2024-06-25,4,Tuesday,False,0,0,0
2024-06-25 05:00:00,0.0,0.05,0.212,0.009,3.39,3.66,0.0,3.66,29.28,2024-06-25,5,Tuesday,False,0,0,0
2024-06-25 06:00:00,0.095,0.0,0.224,0.151,0.016,0.485,0.0,0.485,3.88,2024-06-25,6,Tuesday,False,0,0,0
2024-06-25 07:00:00,0.341,0.0,0.196,0.161,0.102,0.8,0.255,0.545,4.36,2024-06-25,7,Tuesday,False,0,0,0
2024-06-25 08:00:00,0.027,0.927,0.176,0.099,0.018,1.247,0.531,0.716,5.72,2024-06-25,8,Tuesday,False,0,0,0
2024-06-25 09:00:00,1.837,0.855,0.203,0.0,0.0,2.895,0.814,2.082,16.65,2024-06-25,9,Tuesday,False,0,0,0
2024-06-25 10:00:00,1.731,0.901,0.213,0.005,0.0,2.85,1.111,1.739,13.92,2024-06-25,10,Tuesday,False,0,0,0
2024-06-25 11:00:00,1.673,0.0,0.2,0.0,0.013,1.886,1.039,0.847,6.78,2024-06-25,11,Tuesday,False,0,0,0
2024-06-25 12:00:00,1.925,0.054,0.182,0.008,0.0,2.169,1.095,1.074,8.59,2024-06-25,12,Tuesday,False,0,0,0
2024-06-25 13:00:00,1.672,0.024,0.167,0.0,0.0,1.863,1.078,0.785,6.28,2024-06-25,13,Tuesday,False,0,0,0
2024-06-25 14:00:00,1.811,0.0,0.173,0.035,0.0,2.019,0.994,1.025,8.2,2024-06-25,14,Tuesday,False,0,0,0
2024-06-25 15:00:00,1.728,0.041,0.149,0.031,0.0,1.95,0.808,1.142,9.14,2024-06-25,15,Tuesday,False,0,0,0
2024-06-25 16:00:00,1.872,0.07,0.159,0.0,0.005,2.105,0.637,1.468,11.75,2024-06-25,16,Tuesday,False,0,0,0
2024-06-25 17:00:00,1.85,0.928,0.156,0.0,0.0,2.934,0.144,2.79,22.32,2024-06-25,17,Tuesday,False,0,0,0
2024-06-25 18:00:00,1.956,0.901,0.161,0.349,0.0,3.365,0.0,3.365,26.92,2024-06-25,18,Tuesday,False,0,0,0
2024-06-25 19:00:00,1.723,0.834,0.179,0.341,0.0,3.077,0.0,3.077,24.62,2024-06-25,19,Tuesday,False,0,0,0
2024-06-25 20:00:00,1.76,0.0,0.158,0.354,0.098,2.369,0.066,2.303,18.43,2024-06-25,20,Tuesday,False,0,0,0
2024-06-25 21:00:00,1.653,0.0,0.154,0.335,0.0,2.142,0.0,2.142,17.13,2024-06-25,21,Tuesday,False,0,0,0
2024-06-25 22:00:00,1.733,0.0,0.165,0.327,3.315,5.541,0.0,5.541,44.33,2024-06-25,22,Tuesday,False,1,0,1
2024-06-25 23:00:00,1.857,0.0,0.155,0.012,3.339,5.362,0.034,5.328,42.62,2024-06-25,23,Tuesday,False,1,0,1
2024-06-26 00:00:00,0.114,0.003,0.173,0.013,0.0,0.302,0.037,0.265,2.12,2024-06-26,0,Wednesday,False,0,0,0
2024-06-26 01:00:00,0.0,0.026,0.184,0.0,0.0,0.21,0.0,0.21,1.68,2024-06-26,1,Wednesday,False,0,0,0
2024-06-26 02:00:00,0.13,0.0,0.19,0.018,0.0,0.338,0.0,0.338,2.7,2024-06-26,2,Wednesday,False,0,0,0
2024-06-26 03:00:00,0.203,0.024,0.203,0.0,0.0,0.43,0.0,0.43,3.44,2024-06-26,3,Wednesday,False,0,0,0
2024-06-26 04:00:00,0.062,0.003,0.198,0.005,0.0,0.268,0.017,0.251,2.01,2024-06-26,4,Wednesday,False,0,0,0
2024-06-26 05:00:00,0.282,0.0,0.22,0.016,0.0,0.518,0.0,0.518,4.14,2024-06-26,5,Wednesday,False,0,0,0
2024-06-26 06:00:00,0.0,0.0,0.21,0.149,0.153,0.512,0.074,0.438,3.51,2024-06-26,6,Wednesday,False,0,0,0
2024-06-26 07:00:00,0.0,0.0,0.209,0.159,0.066,0.434,0.296,0.138,1.1,2024-06-26,7,Wednesday,False,0,0,0
2024-06-26 08:00:00,0.0,0.84,0.203,0.14,0.0,1.182,1.271,-0.09,0.0,2024-06-26,8,Wednesday,False,0,0,0
2024-06-26 09:00:00,2.024,0.93,0.203,0.0,0.0,3.157,1.811,1.346,10.77,2024-06-26,9,Wednesday,False,0,0,0
2024-06-26 10:00:00,1.898,0.977,0.203,0.0,0.0,3.078,2.386,0.692,5.53,2024-06-26,10,Wednesday,False,0,0,0
2024-06-26 11:00:00,1.792,0.061,0.179,0.0,0.0,2.032,2.624,-0.592,0.0,2024-06-26,11,Wednesday,False,0,0,0
2024-06-26 12:00:00,1.842,0.0,0.173,0.0,0.05,2.065,2.92,-0.855,0.0,2024-06-26,12,Wednesday,False,0,0,0
2024-06-26 13:00:00,1.631,0.075,0.169,0.0,0.0,1.875,2.426,-0.551,0.0,2024-06-26,13,Wednesday,False,0,0,0
2024-06-26 14:00:00,2.167,0.007,0.152,0.0,0.051,2.377,2.432,-0.055,0.0,2024-06-26,14,Wednesday,False,0,0,0
2024-06-26 15:00:00,1.819,0.0,0.151,0.0,0.194,2.163,2.064,0.1,0.8,2024-06-26,15,Wednesday,False,0,0,0
2024-06-26 16:00:00,1.816,0.0,0.149,0.0,0.082,2.047,1.678,0.369,2.95,2024-06-26,16,Wednesday,False,0,0,0
2024-06-26 17:00:00,1.909,0.885,0.16,0.0,0.0,2.954,0.652,2.301,18.41,2024-06-26,17,Wednesday,False,0,0,0
2024-06-26 18:00:00,1.872,0.881,0.153,0.349,0.0,3.254,0.049,3.205,25.64,2024-06-26,18,Wednesday,False,0,0,0
2024-06-26 19:00:00,1.834,0.909,0.153,0.36,0.0,3.255,0.0,3.255,26.04,2024-06-26,19,Wednesday,False,0,0,0
2024-06-26 20:00:00,1.681,0.008,0.163,0.367,0.118,2.338,0.0,2.338,18.7,2024-06-26,20,Wednesday,False,0,0,0
2024-06-26 21:00:00,1.871,0.0,0.157,0.337,0.0,2.365,0.127,2.239,17.91,2024-06-26,21,Wednesday,False,0,0,0
2024-06-26 22:00:00,2.082,0.022,0.169,0.326,0.005,2.604,0.0,2.604,20.83,2024-06-26,22,Wednesday,False,0,0,0
2024-06-26 23:00:00,2.002,0.06,0.171,0.0,0.005,2.238,0.177,2.061,16.49,2024-06-26,23,Wednesday,False,0,0,0
2024-06-27 00:00:00,0.239,0.047,0.183,0.0,0.0,0.469,0.0,0.469,3.75,2024-06-27,0,Thursday,False,0,0,0
2024-06-27 01:00:00,0.0,0.0,0.182,0.0,0.0,0.182,0.078,0.104,0.83,2024-06-27,1,Thursday,False,0,0,0
2024-06-27 02:00:00,0.0,0.0,0.171,0.0,0.032,0.203,0.28,-0.077,0.0,2024-06-27,2,Thursday,False,0,0,0
2024-06-27 03:00:00,0.0,0.047,0.2,0.0,0.0,0.247,0.063,0.184,1.47,2024-06-27,3,Thursday,False,0,0,0
2024-06-27 04:00:00,0.008,0.0,0.22,0.0,0.05,0.279,0.041,0.237,1.9,2024-06-27,4,Thursday,False,0,0,0
2024-06-27 05:00:00,0.164,0.0,0.218,0.004,0.0,0.386,0.001,0.385,3.08,2024-06-27,5,Thursday,False,0,0,0
2024-06-27 06:00:00,0.0,0.0,0.22,0.162,0.122,0.504,0.0,0.504,4.03,2024-06-27,6,Thursday,False,0,0,0
2024-06-27 07:00:00,0.229,0.0,0.221,0.139,0.0,0.59,0.928,-0.338,0.0,2024-06-27,7,Thursday,False,0,0,0
2024-06-27 08:00:00,0.0,0.927,0.207,0.142,0.171,1.447,1.308,0.139,1.11,2024-06-27,8,Thursday,False,0,0,0
2024-06-27 09:00:00,1.736,0.938,0.203,0.0,0.0,2.877,2.056,0.822,6.57,2024-06-27,9,Thursday,False,0,0,0
2024-06-27 10:00:00,1.648,0.871,0.189,0.0,0.043,2.752,2.19,0.561,4.49,2024-06-27,10,Thursday,False,0,0,0
2024-06-27 11:00:00,1.552,0.0,0.185,0.0,0.048,1.784,2.528,-0.744,0.0,2024-06-27,11,Thursday,False,0,0,0
2024-06-27 12:00:00,1.923,0.0,0.186,0.011,0.0,2.121,3.015,-0.894,0.0,2024-06-27,12,Thursday,False,0,0,0
2024-06-27 13:00:00,1.811,0.02,0.184,0.0,0.042,2.057,2.652,-0.595,0.0,2024-06-27,13,Thursday,False,0,0,0
2024-06-27 14:00:00,1.607,0.0,0.164,0.0,0.128,1.898,2.643,-0.745,0.0,2024-06-27,14,Thursday,False,0,0,0
2024-06-27 15:00:00,1.606,0.009,0.154,0.006,0.0,1.775,1.968,-0.193,0.0,2024-06-27,15,Thursday,False,0,0,0
2024-06-27 16:00:00,1.75,0.0,0.154,0.004,0.05,1.958,1.124,0.834,6.67,2024-06-27,16,Thursday,False,0,0,0
2024-06-27 17:00:00,2.05,0.929,0.157,0.054,0.0,3.19,0.859,2.332,18.65,2024-06-27,17,Thursday,False,0,0,0
2024-06-27 18:00:00,1.761,0.906,0.136,0.357,0.0,3.16,0.0,3.16,25.28,2024-06-27,18,Thursday,False,0,0,0
2024-06-27 19:00:00,1.575,0.851,0.128,0.33,0.163,3.047,0.105,2.942,23.54,2024-06-27,19,Thursday,False,0,0,0
2024-06-27 20:00:00,1.763,0.06,0.149,0.348,0.0,2.32,0.004,2.316,18.53,2024-06-27,20,Thursday,False,0,0,0
2024-06-27 21:00:00,1.759,0.0,0.147,0.314,0.0,2.22,0.0,2.22,17.76,2024-06-27,21,Thursday,False,0,0,0
2024-06-27 22:00:00,1.395,0.0,0.16,0.348,0.0,1.904,0.025,1.879,15.03,2024-06-27,22,Thursday,False,0,0,0
2024-06-27 23:00:00,1.792,0.0,0.171,0.0,0.207,2.169,0.329,1.84,14.72,2024-06-27,23,Thursday,False,0,0,0
2024-06-28 00:00:00,0.0,0.0,0.175,0.018,3.017,3.211,0.074,3.137,25.09,2024-06-28,0,Friday,False,0,0,0
2024-06-28 01:00:00,0.104,0.0,0.202,0.0,3.095,3.402,0.0,3.402,27.21,2024-06-28,1,Friday,False,0,0,0
2024-06-28 02:00:00,0.277,0.0,0.198,0.0,3.35,3.825,0.161,3.664,29.31,2024-06-28,2,Friday,False,0,0,0
2024-06-28 03:00:00,0.169,0.086,0.204,0.0,3.386,3.845,0.032,3.813,30.5,2024-06-28,3,Friday,False,0,0,0
2024-06-28 04:00:00,0.0,0.0,0.212,0.035,3.19,3.437,0.031,3.405,27.24,2024-06-28,4,Friday,False,0,0,0
2024-06-28 05:00:00,0.0,0.0,0.198,0.0,3.076,3.274,0.0,3.274,26.19,2024-06-28,5,Friday,False,0,0,0
2024-06-28 06:00:00,0.386,0.074,0.22,0.187,0.21,1.076,0.035,1.041,8.33,2024-06-28,6,Friday,False,0,0,0
2024-06-28 07:00:00,0.009,0.0,0.208,0.166,0.159,0.543,0.88,-0.337,0.0,2024-06-28,7,Friday,False,0,0,0
2024-06-28 08:00:00,0.002,0.867,0.213,0.16,0.068,1.309,1.275,0.034,0.27,2024-06-28,8,Friday,False,0,0,0
2024-06-28 09:00:00,1.796,0.952,0.19,0.007,0.0,2.946,2.194,0.753,6.02,2024-06-28,9,Friday,False,0,0,0
2024-06-28 10:00:00,1.83,0.87,0.179,0.008,0.0,2.887,2.411,0.476,3.81,2024-06-28,10,Friday,False,0,0,0
2024-06-28 11:00:00,1.778,0.091,0.196,0.0,0.0,2.066,2.571,-0.506,0.0,2024-06-28,11,Friday,False,0,0,0
2024-06-28 12:00:00,1.714,0.034,0.184,0.0,0.033,1.965,2.95,-0.985,0.0,2024-06-28,12,Friday,False,0,0,0
2024-06-28 13:00:00,1.718,0.0,0.163,0.017,0.145,2.043,2.662,-0.618,0.0,2024-06-28,13,Friday,False,0,0,0
2024-06-28 14:00:00,1.795,0.108,0.156,0.0,0.088,2.147,2.539,-0.392,0.0,2024-06-28,14,Friday,False,0,0,0
2024-06-28 15:00:00,1.718,0.0,0.17,0.0,0.0,1.889,1.936,-0.048,0.0,2024-06-28,15,Friday,False,0,0,0
2024-06-28 16:00:00,1.693,0.037,0.142,0.0,0.138,2.01,1.391,0.619,4.95,2024-06-28,16,Friday,False,0,0,0
2024-06-28 17:00:00,1.816,0.915,0.167,0.034,0.031,2.964,0.799,2.165,17.32,2024-06-28,17,Friday,False,0,0,0
2024-06-28 18:00:00,1.762,0.965,0.141,0.375,0.069,3.311,0.044,3.268,26.14,2024-06-28,18,Friday,False,0,0,0
2024-06-28 19:00:00,2.026,0.978,0.157,0.349,0.147,3.656,0.0,3.656,29.25,2024-06-28,19,Friday,False,0,0,0
2024-06-28 20:00:00,1.402,0.002,0.151,0.369,0.0,1.924,0.0,1.924,15.39,2024-06-28,20,Friday,False,0,0,0
2024-06-28 21:00:00,1.964,0.0,0.165,0.343,0.0,2.471,0.139,2.332,18.65,2024-06-28,21,Friday,False,0,0,0
2024-06-28 22:00:00,1.987,0.023,0.16,0.316,3.147,5.632,0.0,5.632,45.06,2024-06-28,22,Friday,False,1,0,1
2024-06-28 23:00:00,1.489,0.0,0.171,0.0,3.043,4.703,0.0,4.703,37.62,2024-06-28,23,Friday,False,1,0,1
2024-06-29 00:00:00,0.449,0.101,0.18,0.031,0.035,0.796,0.0,0.796,6.36,2024-06-29,0,Saturday,True,0,0,0
2024-06-29 01:00:00,0.444,0.007,0.178,0.0,0.251,0.88,0.0,0.88,7.04,2024-06-29,1,Saturday,True,0,0,0
2024-06-29 02:00:00,0.289,0.0,0.202,0.0,0.0,0.491,0.0,0.491,3.93,2024-06-29,2,Saturday,True,0,0,0
2024-06-29 03:00:00,0.383,0.009,0.196,0.0,0.0,0.589,0.0,0.589,4.71,2024-06-29,3,Saturday,True,0,0,0
2024-06-29 04:00:00,0.333,0.0,0.204,0.038,0.064,0.639,0.0,0.639,5.11,2024-06-29,4,Saturday,True,0,0,0
2024-06-29 05:00:00,0.763,0.0,0.199,0.033,0.012,1.007,0.0,1.007,8.05,2024-06-29,5,Saturday,True,0,0,0
2024-06-29 06:00:00,0.64,0.06,0.184,0.194,0.0,1.079,0.0,1.079,8.63,2024-06-29,6,Saturday,True,0,0,0
2024-06-29 07:00:00,0.691,0.0,0.207,0.147,0.0,1.045,0.779,0.265,2.12,2024-06-29,7,Saturday,True,0,0,0
2024-06-29 08:00:00,0.608,0.848,0.23,0.156,0.023,1.865,1.714,0.151,1.21,2024-06-29,8,Saturday,True,0,0,0
2024-06-29 09:00:00,2.131,0.927,0.209,0.0,0.0,3.267,1.753,1.513,12.11,2024-06-29,9,Saturday,True,0,0,0
2024-06-29 10:00:00,2.221,0.959,0.195,0.03,0.0,3.405,2.599,0.806,6.45,2024-06-29,10,Saturday,True,0,0,0
2024-06-29 11:00:00,2.373,0.036,0.185,0.0,0.119,2.714,2.851,-0.137,0.0,2024-06-29,11,Saturday,True,0,0,0
2024-06-29 12:00:00,2.117,0.05,0.18,0.004,0.096,2.447,2.683,-0.236,0.0,2024-06-29,12,Saturday,True,0,0,0
2024-06-29 13:00:00,2.407,0.0,0.178,0.0,0.005,2.59,2.735,-0.145,0.0,2024-06-29,13,Saturday,True,0,0,0
2024-06-29 14:00:00,2.264,0.0,0.153,0.0,0.023,2.44,2.356,0.084,0.67,2024-06-29,14,Saturday,True,0,0,0
2024-06-29 15:00:00,2.244,0.075,0.17,0.0,0.107,2.596,2.008,0.588,4.71,2024-06-29,15,Saturday,True,0,0,0
2024-06-29 16:00:00,2.407,0.0,0.161,0.0,0.022,2.59,1.626,0.964,7.71,2024-06-29,16,Saturday,True,0,0,0
2024-06-29 17:00:00,2.367,0.887,0.158,0.0,0.09,3.503,0.816,2.687,21.5,2024-06-29,17,Saturday,True,0,0,0
2024-06-29 18:00:00,2.246,0.966,0.154,0.339,0.0,3.706,0.076,3.629,29.04,2024-06-29,18,Saturday,True,0,0,0
2024-06-29 19:00:00,2.474,0.928,0.151,0.367,0.131,4.051,0.0,4.051,32.41,2024-06-29,19,Saturday,True,0,0,0
2024-06-29 20:00:00,2.138,0.023,0.161,0.328,0.032,2.681,0.0,2.681,21.45,2024-06-29,20,Saturday,True,0,0,0
2024-06-29 21:00:00,2.392,0.108,0.165,0.354,0.019,3.039,0.0,3.039,24.31,2024-06-29,21,Saturday,True,0,0,0
2024-06-29 22:00:00,2.389,0.0,0.161,0.374,0.0,2.925,0.181,2.744,21.95,2024-06-29,22,Saturday,True,0,0,0
2024-06-29 23:00:00,2.254,0.046,0.166,0.0,0.029,2.495,0.0,2.495,19.96,2024-06-29,23,Saturday,True,0,0,0
2024-06-30 00:00:00,0.549,0.003,0.181,0.0,0.0,0.733,0.0,0.733,5.86,2024-06-30,0,Sunday,True,0,0,0
2024-06-30 01:00:00,0.312,0.013,0.203,0.0,0.0,0.529,0.019,0.51,4.08,2024-06-30,1,Sunday,True,0,0,0
2024-06-30 02:00:00,0.639,0.076,0.183,0.024,0.0,0.921,0.0,0.921,7.37,2024-06-30,2,Sunday,True,0,0,0
2024-06-30 03:00:00,0.472,0.025,0.187,0.004,0.0,0.688,0.0,0.688,5.5,2024-06-30,3,Sunday,True,0,0,0
2024-06-30 04:00:00,0.422,0.027,0.208,0.0,0.212,0.869,0.0,0.869,6.95,2024-06-30,4,Sunday,True,0,0,0
2024-06-30 05:00:00,0.657,0.054,0.209,0.01,0.133,1.063,0.0,1.063,8.51,2024-06-30,5,Sunday,True,0,0,0
2024-06-30 06:00:00,0.394,0.0,0.212,0.128,0.192,0.926,0.0,0.926,7.41,2024-06-30,6,Sunday,True,0,0,0
2024-06-30 07:00:00,0.289,0.0,0.211,0.164,0.0,0.664,0.83,-0.166,0.0,2024-06-30,7,Sunday,True,0,0,0
2024-06-30 08:00:00,0.267,0.218,0.204,0.158,0.007,0.853,1.204,-0.351,0.0,2024-06-30,8,Sunday,True,0,0,0
2024-06-30 09:00:00,2.391,0.172,0.216,0.0,0.0,2.779,1.74,1.038,8.31,2024-06-30,9,Sunday,True,0,0,0
2024-06-30 10:00:00,2.108,0.373,0.179,0.0,0.0,2.66,2.33,0.329,2.63,2024-06-30,10,Sunday,True,0,0,0
2024-06-30 11:00:00,2.563,0.0,0.179,0.0,0.0,2.743,2.814,-0.072,0.0,2024-06-30,11,Sunday,True,0,0,0
2024-06-30 12:00:00,1.988,0.0,0.179,0.011,0.124,2.301,2.77,-0.469,0.0,2024-06-30,12,Sunday,True,0,0,0
2024-06-30 13:00:00,2.554,0.0,0.156,0.025,0.0,2.735,2.635,0.1,0.8,2024-06-30,13,Sunday,True,0,0,0
2024-06-30 14:00:00,2.332,0.015,0.163,0.0,0.107,2.617,2.432,0.186,1.48,2024-06-30,14,Sunday,True,0,0,0
2024-06-30 15:00:00,2.285,0.041,0.175,0.009,0.06,2.571,1.718,0.853,6.83,2024-06-30,15,Sunday,True,0,0,0
2024-06-30 16:00:00,2.218,0.043,0.154,0.0,0.23,2.646,1.474,1.172,9.37,2024-06-30,16,Sunday,True,0,0,0
2024-06-30 17:00:00,2.36,0.241,0.153,0.0,0.0,2.754,0.782,1.972,15.77,2024-06-30,17,Sunday,True,0,0,0
2024-06-30 18:00:00,2.294,0.262,0.137,0.349,0.126,3.169,0.0,3.169,25.35,2024-06-30,18,Sunday,True,0,0,0
2024-06-30 19:00:00,2.465,0.284,0.145,0.332,0.115,3.341,0.151,3.19,25.52,2024-06-30,19,Sunday,True,0,0,0
2024-06-30 20:00:00,2.317,0.0,0.15,0.331,0.0,2.799,0.0,2.799,22.39,2024-06-30,20,Sunday,True,0,0,0
2024-06-30 21:00:00,2.323,0.08,0.156,0.337,0.101,2.996,0.169,2.827,22.61,2024-06-30,21,Sunday,True,0,0,0
2024-06-30 22:00:00,2.245,0.025,0.178,0.356,0.034,2.837,0.023,2.814,22.51,2024-06-30,22,Sunday,True,0,0,0
2024-06-30 23:00:00,2.291,0.037,0.178,0.0,0.0,2.506,0.0,2.506,20.05,2024-06-30,23,Sunday,True,0,0,0
